Timestamp,Software,CPU_Total_Pct,RAM_Total_MB,Core_0_Pct,Core_1_Pct,Core_2_Pct,Core_3_Pct,Core_4_Pct,Core_5_Pct,Core_6_Pct,Core_7_Pct,Core_8_Pct,Core_9_Pct,Core_10_Pct,Core_11_Pct,Core_12_Pct,Core_13_Pct,Core_14_Pct,Core_15_Pct
12:51:17,OpenTP,4.7,347.17,50.7,26.2,46.9,39.1,41.5,28.8,19.7,9.2,9.4,4.7,1.5,0.0,0.0,0.0,0.0,7.7
12:51:18,OpenTP,6.2,355.48,38.2,21.9,32.8,21.9,31.7,46.0,27.4,12.9,3.2,1.6,0.0,0.0,0.0,0.0,1.6,6.3
12:51:19,OpenTP,18.7,355.54,25.8,20.3,27.7,15.6,13.8,12.3,7.6,1.5,0.0,0.0,0.0,0.0,0.0,1.5,0.0,4.5
12:51:20,OpenTP,15.6,345.98,46.5,33.8,34.9,29.2,32.3,28.3,1.6,0.0,0.0,0.0,0.0,0.0,0.0,0.0,0.0,6.3
12:51:21,OpenTP,51.5,357.53,40.0,23.8,30.3,17.2,10.9,9.0,1.5,1.6,0.0,0.0,0.0,0.0,1.6,0.0,0.0,10.9
12:51:22,OpenTP,104.6,349.42,62.1,32.3,33.8,37.5,41.5,38.5,30.8,21.5,16.9,7.7,0.0,0.0,0.0,0.0,0.0,7.7
12:51:23,OpenTP,81.1,359.83,41.8,18.8,28.1,18.8,29.7,35.9,31.2,26.6,14.1,9.4,0.0,0.0,0.0,0.0,0.0,8.1
12:51:24,OpenTP,78.0,360.89,60.6,35.4,56.2,38.1,34.4,21.9,9.5,4.8,1.6,0.0,0.0,0.0,0.0,0.0,0.0,6.2
12:51:25,OpenTP,67.1,361.22,38.5,32.8,40.0,27.7,29.7,17.2,4.7,9.4,3.1,0.0,0.0,0.0,1.6,0.0,0.0,9.2
12:51:26,OpenTP,59.3,361.29,36.8,21.9,34.8,31.2,14.3,14.1,0.0,0.0,0.0,0.0,0.0,0.0,0.0,0.0,0.0,10.9
12:51:27,OpenTP,81.2,359.96,44.9,32.3,18.8,26.6,16.9,13.8,4.5,3.0,0.0,0.0,0.0,0.0,0.0,0.0,0.0,7.8
12:51:28,OpenTP,65.5,355.51,48.6,40.6,46.2,44.6,37.5,36.4,9.5,6.3,0.0,0.0,0.0,0.0,0.0,0.0,0.0,4.7
12:51:29,OpenTP,87.4,360.21,53.7,29.2,41.5,31.2,25.0,16.9,4.6,6.2,0.0,0.0,0.0,0.0,0.0,0.0,0.0,6.2
12:51:30,OpenTP,85.9,360.36,47.9,31.8,35.9,36.9,10.9,17.2,0.0,0.0,0.0,0.0,0.0,0.0,0.0,0.0,0.0,7.9
12:51:31,OpenTP,67.1,364.43,42.6,22.7,39.4,26.6,29.2,10.8,3.1,6.2,0.0,0.0,0.0,0.0,0.0,0.0,0.0,10.9
12:51:32,OpenTP,89.0,364.59,40.3,25.0,18.8,20.0,25.0,14.1,10.8,1.5,0.0,0.0,0.0,0.0,0.0,0.0,0.0,7.8
12:51:33,OpenTP,70.3,364.64,48.6,34.4,38.5,36.5,20.6,15.9,0.0,1.6,0.0,0.0,0.0,0.0,0.0,0.0,0.0,4.7
12:51:34,OpenTP,79.6,364.78,42.0,20.3,34.4,36.9,20.6,14.3,20.3,25.0,0.0,0.0,0.0,0.0,0.0,0.0,0.0,7.7
12:51:35,OpenTP,82.7,364.91,52.8,25.8,30.8,33.8,21.2,19.7,15.2,11.9,0.0,0.0,0.0,0.0,3.0,0.0,0.0,7.6
12:51:36,OpenTP,76.5,364.97,42.3,17.2,20.3,14.1,28.6,15.9,12.9,9.7,0.0,0.0,0.0,0.0,0.0,0.0,0.0,9.5
12:51:37,OpenTP,40.6,365.03,40.0,23.4,27.7,15.4,15.4,9.2,0.0,0.0,0.0,0.0,0.0,0.0,0.0,0.0,0.0,7.8
12:51:38,OpenTP,65.6,365.16,56.5,33.8,39.1,38.5,24.6,23.4,6.1,1.5,0.0,0.0,0.0,0.0,0.0,0.0,0.0,7.9
12:51:39,OpenTP,59.3,365.22,57.4,32.3,47.7,36.9,28.1,18.8,0.0,0.0,0.0,0.0,0.0,0.0,0.0,0.0,0.0,6.2
12:51:40,OpenTP,46.8,365.34,36.2,12.5,31.8,28.1,14.1,10.9,4.5,4.5,0.0,0.0,0.0,0.0,0.0,0.0,0.0,9.5
12:51:41,OpenTP,81.2,365.41,65.3,45.3,45.5,39.1,43.8,35.9,14.1,9.5,0.0,0.0,0.0,0.0,0.0,0.0,0.0,6.2
12:51:42,OpenTP,65.5,365.47,30.9,17.2,25.0,20.3,19.0,20.3,3.2,1.6,0.0,0.0,0.0,0.0,0.0,0.0,0.0,6.2
12:51:43,OpenTP,51.5,365.53,53.4,44.6,36.9,25.0,30.8,26.2,4.7,4.7,0.0,0.0,0.0,0.0,0.0,0.0,0.0,6.2
12:51:44,OpenTP,96.8,365.59,49.3,39.1,34.4,24.6,24.6,15.6,3.1,3.1,0.0,0.0,0.0,0.0,0.0,0.0,0.0,10.9
12:51:45,OpenTP,92.1,365.72,50.0,24.6,29.7,17.2,29.2,20.3,3.1,0.0,0.0,0.0,0.0,0.0,0.0,0.0,0.0,6.2
12:51:46,OpenTP,98.4,365.78,37.9,21.9,26.6,26.6,25.0,14.3,14.1,10.8,0.0,0.0,0.0,0.0,0.0,0.0,0.0,7.8
12:51:47,OpenTP,56.2,354.84,45.1,38.8,37.9,50.7,18.2,16.7,3.1,1.6,0.0,0.0,0.0,0.0,0.0,0.0,0.0,7.8
12:51:48,OpenTP,73.4,365.97,44.1,27.0,32.8,31.2,27.0,14.3,1.5,1.5,0.0,0.0,0.0,0.0,0.0,0.0,0.0,9.1
12:51:49,OpenTP,81.2,366.09,52.2,32.3,44.6,40.9,28.1,34.4,9.5,3.2,0.0,0.0,0.0,0.0,0.0,0.0,0.0,3.2
12:51:50,OpenTP,51.5,366.16,59.7,44.8,50.0,34.4,34.9,27.0,0.0,0.0,0.0,0.0,0.0,0.0,0.0,1.6,0.0,4.7
12:51:51,OpenTP,18.7,355.21,35.2,6.2,20.0,20.3,13.6,16.7,0.0,0.0,0.0,0.0,0.0,0.0,0.0,0.0,0.0,10.9
12:51:52,OpenTP,37.5,355.28,34.3,18.8,29.7,31.2,17.2,14.1,0.0,0.0,0.0,0.0,0.0,0.0,0.0,0.0,0.0,7.7
12:51:53,OpenTP,17.2,355.4,42.6,21.9,26.6,25.0,12.5,15.6,0.0,0.0,0.0,0.0,0.0,0.0,0.0,0.0,0.0,9.5
12:51:54,OpenTP,57.8,355.46,56.3,39.4,35.9,32.8,17.2,18.8,4.6,3.1,0.0,0.0,0.0,0.0,0.0,0.0,0.0,4.6
12:51:55,OpenTP,57.8,366.66,30.3,18.5,28.1,26.6,19.4,9.5,0.0,0.0,0.0,0.0,0.0,0.0,0.0,0.0,0.0,7.9
12:51:56,OpenTP,53.1,366.72,34.3,16.9,18.8,31.2,13.6,10.4,1.6,1.6,0.0,0.0,0.0,0.0,0.0,0.0,0.0,6.2
12:51:57,OpenTP,78.0,366.84,41.8,27.3,39.1,35.9,24.6,19.7,0.0,0.0,0.0,0.0,0.0,0.0,0.0,0.0,0.0,7.8
12:51:58,OpenTP,74.9,366.91,48.5,35.4,43.9,44.6,29.2,23.1,13.8,4.6,0.0,0.0,0.0,0.0,0.0,0.0,0.0,6.2
12:51:59,OpenTP,92.1,367.03,45.6,34.4,40.0,23.1,33.9,21.0,11.3,6.2,1.5,0.0,0.0,0.0,0.0,0.0,0.0,9.4
12:52:00,OpenTP,70.2,367.09,36.8,20.0,18.8,25.0,27.3,23.9,9.0,4.7,0.0,0.0,0.0,0.0,0.0,0.0,0.0,4.6
12:52:01,OpenTP,6.2,356.15,33.8,7.8,14.1,17.2,6.2,6.2,0.0,0.0,0.0,0.0,0.0,0.0,0.0,0.0,0.0,4.8
12:52:02,OpenTP,15.6,356.27,29.4,7.8,10.8,18.8,30.8,27.3,10.8,15.2,0.0,0.0,0.0,0.0,0.0,0.0,0.0,6.2
12:52:03,OpenTP,57.8,367.4,33.8,23.1,26.6,25.0,15.6,15.4,4.8,1.6,0.0,1.6,0.0,0.0,0.0,0.0,0.0,9.4
12:52:04,OpenTP,50.0,367.46,37.1,18.8,19.7,25.0,20.3,14.3,0.0,0.0,0.0,0.0,0.0,0.0,0.0,0.0,3.0,10.9
12:52:05,OpenTP,79.6,367.53,48.0,30.8,29.7,29.7,30.3,18.5,12.3,1.6,0.0,0.0,0.0,0.0,0.0,0.0,0.0,7.8
12:52:06,OpenTP,56.2,368.62,47.9,28.6,29.7,23.1,14.1,10.9,3.2,1.6,0.0,0.0,0.0,0.0,0.0,0.0,0.0,6.2
12:52:07,OpenTP,59.3,368.77,54.8,37.9,43.8,26.6,26.2,18.8,7.7,6.2,0.0,0.0,0.0,0.0,0.0,0.0,0.0,6.2
12:52:08,OpenTP,101.5,368.84,50.7,28.6,35.9,28.1,24.2,16.1,1.6,4.8,0.0,0.0,0.0,0.0,0.0,0.0,0.0,9.7
12:52:09,OpenTP,98.3,369.03,39.4,30.8,43.9,51.6,24.6,16.9,0.0,0.0,0.0,0.0,0.0,0.0,0.0,0.0,0.0,10.9
12:52:10,OpenTP,87.4,369.09,47.1,21.9,21.9,34.4,26.2,16.9,14.1,9.5,0.0,0.0,0.0,0.0,0.0,0.0,0.0,7.8
12:52:11,OpenTP,71.8,369.21,63.0,32.3,40.0,39.1,26.6,20.6,4.5,4.5,0.0,0.0,0.0,0.0,0.0,0.0,0.0,4.6
12:52:12,OpenTP,70.3,369.28,46.3,23.4,29.2,14.1,23.4,15.4,9.7,0.0,0.0,0.0,0.0,0.0,0.0,0.0,0.0,7.9
12:52:13,OpenTP,37.5,367.71,34.8,20.3,50.0,33.8,23.4,33.8,6.2,4.7,0.0,0.0,0.0,0.0,0.0,0.0,0.0,4.6
12:52:14,OpenTP,32.8,358.34,40.8,21.5,32.8,33.8,15.9,3.2,0.0,0.0,0.0,0.0,0.0,0.0,0.0,0.0,0.0,9.4
12:52:15,OpenTP,79.6,369.46,44.9,17.2,29.7,26.6,22.7,13.4,3.0,3.0,0.0,0.0,0.0,0.0,0.0,0.0,1.5,6.2
12:52:16,OpenTP,67.1,358.59,45.1,33.8,46.2,31.8,28.1,17.2,6.3,1.6,0.0,0.0,0.0,0.0,0.0,0.0,0.0,4.7
12:52:17,OpenTP,29.7,369.6,37.1,32.8,34.4,32.8,18.8,15.6,0.0,1.6,0.0,0.0,0.0,1.6,0.0,0.0,1.6,6.2
12:52:18,OpenTP,64.0,369.73,51.4,20.0,24.6,34.4,18.8,3.1,1.6,0.0,0.0,0.0,0.0,0.0,0.0,0.0,0.0,12.5
12:52:19,OpenTP,39.0,365.45,42.6,17.2,17.2,17.2,15.2,14.1,3.1,0.0,0.0,0.0,0.0,0.0,0.0,0.0,0.0,7.8
12:52:20,OpenTP,78.0,369.92,39.1,21.9,32.3,26.2,28.1,17.2,14.1,0.0,0.0,0.0,0.0,0.0,0.0,0.0,0.0,6.2
12:52:21,OpenTP,17.2,358.86,39.4,9.2,25.8,12.3,11.1,6.3,0.0,0.0,0.0,0.0,0.0,0.0,0.0,0.0,0.0,6.2
12:52:22,OpenTP,74.9,369.98,60.3,44.6,60.6,50.0,34.8,33.3,9.1,6.1,0.0,0.0,0.0,0.0,0.0,0.0,0.0,4.7
12:52:23,OpenTP,39.0,359.0,28.4,23.8,20.3,19.0,29.7,26.6,7.9,17.5,1.5,0.0,0.0,0.0,0.0,0.0,0.0,10.8
12:52:24,OpenTP,60.9,370.09,33.8,20.3,20.0,20.3,22.2,19.0,7.9,1.6,0.0,0.0,0.0,0.0,0.0,0.0,0.0,7.9
12:52:25,OpenTP,67.1,370.23,42.3,21.5,21.9,16.9,10.8,16.9,1.5,3.1,0.0,0.0,0.0,0.0,0.0,0.0,0.0,6.2
12:52:26,OpenTP,65.6,370.3,56.2,46.2,36.9,35.4,29.0,24.2,0.0,0.0,0.0,0.0,0.0,0.0,0.0,0.0,0.0,3.2
12:52:27,OpenTP,96.8,370.42,46.4,25.0,37.9,25.0,23.9,24.2,6.2,0.0,0.0,0.0,0.0,0.0,0.0,0.0,0.0,7.8
12:52:28,OpenTP,87.4,370.55,26.6,24.6,15.6,29.7,28.1,20.0,11.9,4.5,0.0,0.0,0.0,0.0,0.0,0.0,0.0,9.2
12:52:29,OpenTP,57.8,370.67,53.5,32.8,34.4,26.2,29.9,28.1,18.5,7.8,0.0,0.0,0.0,0.0,1.6,0.0,0.0,7.8
12:52:30,OpenTP,79.6,370.73,55.1,43.8,50.0,34.4,24.6,12.5,0.0,3.2,0.0,0.0,0.0,0.0,0.0,0.0,0.0,6.2
12:52:31,OpenTP,68.7,370.86,43.3,33.3,28.1,26.2,26.2,17.2,0.0,0.0,0.0,0.0,0.0,0.0,0.0,0.0,1.6,6.2
12:52:32,OpenTP,6.2,362.51,36.2,15.6,33.8,42.2,7.9,7.9,0.0,0.0,0.0,0.0,0.0,0.0,0.0,0.0,0.0,4.8
12:52:33,OpenTP,26.5,362.57,40.0,17.2,24.6,23.4,10.9,7.8,0.0,4.7,0.0,0.0,0.0,0.0,0.0,0.0,0.0,6.2
12:52:34,OpenTP,20.3,362.7,25.8,18.5,17.2,21.5,20.3,18.8,0.0,0.0,0.0,0.0,0.0,0.0,0.0,0.0,0.0,6.2
12:52:35,OpenTP,18.7,373.77,28.8,20.0,18.8,12.5,12.3,10.8,1.6,0.0,0.0,0.0,0.0,0.0,0.0,0.0,0.0,7.8
12:52:36,OpenTP,65.6,373.89,50.7,27.7,37.3,37.9,25.0,17.2,10.8,4.6,0.0,0.0,0.0,0.0,0.0,0.0,0.0,10.9
12:52:37,OpenTP,78.1,373.95,38.2,18.8,35.9,26.6,25.0,18.8,6.2,0.0,0.0,0.0,0.0,0.0,0.0,0.0,0.0,3.1
12:52:38,OpenTP,89.0,374.08,43.7,21.5,27.7,30.8,32.8,15.9,4.8,10.9,0.0,0.0,0.0,0.0,0.0,0.0,0.0,9.5
12:52:39,OpenTP,98.3,371.52,47.8,20.3,20.3,22.2,22.7,24.2,0.0,0.0,0.0,0.0,0.0,0.0,0.0,0.0,0.0,10.9
12:52:40,OpenTP,78.1,371.65,60.9,40.0,43.1,27.3,41.8,29.7,3.0,9.0,0.0,0.0,0.0,0.0,0.0,0.0,0.0,7.8
12:52:41,OpenTP,84.3,366.49,43.1,43.9,34.4,33.8,35.9,21.9,9.7,4.8,0.0,0.0,0.0,0.0,0.0,0.0,0.0,7.7
12:52:42,OpenTP,62.4,371.79,40.9,31.2,45.3,29.7,29.2,15.6,7.8,1.6,0.0,0.0,0.0,0.0,0.0,0.0,0.0,7.9
12:52:43,OpenTP,18.7,371.79,40.6,22.2,29.2,31.2,4.8,3.2,0.0,0.0,0.0,0.0,0.0,0.0,0.0,0.0,0.0,4.6
12:52:44,OpenTP,6.2,372.21,32.9,20.0,19.7,13.8,4.8,1.6,0.0,0.0,0.0,0.0,0.0,0.0,0.0,0.0,0.0,7.9
12:52:45,OpenTP,28.1,372.24,31.9,9.4,25.0,17.2,9.0,1.5,1.5,3.1,0.0,0.0,0.0,0.0,0.0,0.0,0.0,7.8
12:52:46,OpenTP,60.9,372.39,47.9,34.4,40.9,45.3,25.8,25.4,7.9,4.8,0.0,0.0,0.0,0.0,0.0,0.0,1.6,6.2
12:52:47,OpenTP,49.9,372.39,49.3,35.9,35.9,23.4,29.7,30.8,14.1,15.6,6.2,4.7,0.0,0.0,0.0,0.0,0.0,7.9
12:52:48,OpenTP,92.1,372.52,47.1,30.8,31.2,29.7,22.7,20.0,3.1,1.6,0.0,0.0,0.0,0.0,0.0,0.0,0.0,7.7
12:52:49,OpenTP,82.7,372.52,59.2,35.4,43.8,35.9,20.3,15.6,7.7,9.2,0.0,0.0,0.0,0.0,0.0,0.0,0.0,7.8
12:52:50,OpenTP,62.4,372.59,36.8,28.1,32.3,23.4,17.2,18.8,3.2,0.0,1.6,0.0,0.0,0.0,0.0,0.0,0.0,6.3
12:52:51,OpenTP,40.6,372.59,28.4,23.4,24.6,18.8,22.2,23.8,6.2,0.0,0.0,0.0,1.5,0.0,0.0,0.0,0.0,7.7
12:52:52,OpenTP,54.6,372.59,33.8,30.3,26.6,32.3,21.5,16.9,6.2,3.1,0.0,0.0,0.0,0.0,0.0,0.0,0.0,7.8
12:52:53,OpenTP,68.7,372.65,44.4,24.6,15.6,29.7,15.9,15.9,3.1,0.0,0.0,0.0,0.0,0.0,0.0,0.0,0.0,6.2
12:52:54,OpenTP,29.7,372.65,42.7,29.7,37.3,35.4,16.9,18.8,4.7,6.2,0.0,0.0,0.0,0.0,0.0,0.0,0.0,7.8
12:52:55,OpenTP,67.2,372.71,37.1,10.9,23.1,23.8,26.6,10.8,6.2,0.0,0.0,0.0,0.0,0.0,0.0,0.0,0.0,10.9
12:52:56,OpenTP,89.0,372.71,37.3,26.2,35.9,24.6,18.5,18.8,4.7,1.6,0.0,0.0,0.0,0.0,0.0,0.0,0.0,7.8
12:52:57,OpenTP,57.8,376.77,35.8,25.0,35.4,40.9,27.7,23.1,9.1,7.6,0.0,0.0,0.0,0.0,0.0,0.0,0.0,4.6
12:52:58,OpenTP,45.3,376.77,45.7,29.4,33.3,34.4,18.8,20.3,1.6,3.2,0.0,0.0,0.0,0.0,0.0,0.0,0.0,6.3
12:52:59,OpenTP,78.1,376.84,58.9,40.0,56.9,54.5,21.0,16.9,20.3,14.1,1.6,4.6,0.0,0.0,0.0,0.0,0.0,9.2
12:53:00,OpenTP,82.7,376.84,55.7,22.7,31.2,35.9,30.8,19.0,12.5,10.9,0.0,0.0,0.0,0.0,0.0,0.0,3.1,6.3
12:53:01,OpenTP,87.4,376.9,43.7,31.8,44.6,33.3,44.6,29.7,9.2,3.1,0.0,0.0,0.0,0.0,0.0,0.0,0.0,6.2
12:53:02,OpenTP,96.8,376.9,38.2,24.6,31.2,30.8,21.5,27.7,4.7,0.0,0.0,0.0,0.0,1.6,0.0,0.0,0.0,6.2
12:53:03,OpenTP,92.1,376.96,36.2,26.6,33.8,28.1,17.2,28.1,0.0,0.0,0.0,0.0,0.0,0.0,0.0,0.0,0.0,7.8
12:53:04,OpenTP,65.6,376.3,46.6,14.3,25.0,17.2,26.6,23.8,7.8,1.5,1.6,1.6,0.0,0.0,0.0,0.0,0.0,6.2
12:53:05,OpenTP,101.5,375.23,49.3,27.7,43.1,26.6,29.7,14.3,6.2,3.2,0.0,0.0,0.0,0.0,0.0,0.0,0.0,9.5
12:53:06,OpenTP,76.5,374.17,43.3,32.3,24.6,25.0,23.9,21.5,6.1,0.0,0.0,0.0,0.0,0.0,0.0,0.0,0.0,6.2
12:53:07,OpenTP,15.6,363.16,43.9,32.8,32.8,46.2,10.9,12.3,1.6,0.0,0.0,0.0,0.0,0.0,0.0,0.0,0.0,6.2
12:53:08,OpenTP,79.6,370.43,52.8,21.9,31.2,17.2,18.8,17.2,6.2,1.6,0.0,0.0,0.0,0.0,0.0,0.0,0.0,9.4
12:53:09,OpenTP,51.5,374.29,46.3,25.0,44.6,34.3,25.0,21.2,3.1,6.2,0.0,0.0,1.5,0.0,0.0,0.0,0.0,6.2
12:53:10,OpenTP,89.0,374.29,50.0,20.3,37.5,29.7,28.1,20.3,6.2,3.1,0.0,0.0,0.0,0.0,0.0,0.0,0.0,4.8
12:53:11,OpenTP,81.2,374.36,35.8,34.4,31.2,29.2,33.3,34.4,3.2,3.2,3.1,0.0,0.0,0.0,0.0,0.0,0.0,6.2
12:53:12,OpenTP,45.3,374.42,40.6,18.5,20.0,28.1,14.9,12.1,0.0,1.6,1.6,0.0,0.0,0.0,0.0,0.0,3.1,7.8
12:53:13,OpenTP,104.6,374.48,45.6,31.7,30.8,31.2,23.4,14.1,1.6,3.1,0.0,3.1,0.0,0.0,0.0,0.0,0.0,9.4
12:53:14,OpenTP,74.9,374.48,48.6,23.1,26.2,35.8,17.2,15.6,0.0,0.0,0.0,0.0,0.0,0.0,0.0,0.0,0.0,7.8
12:53:15,OpenTP,64.0,374.49,56.8,35.4,47.0,40.9,29.2,26.2,9.1,9.0,0.0,0.0,0.0,0.0,0.0,0.0,0.0,4.7
12:53:16,OpenTP,7.8,374.5,29.0,6.2,7.8,17.5,11.1,4.8,0.0,1.6,0.0,0.0,0.0,0.0,0.0,0.0,1.6,9.4
12:53:17,OpenTP,39.0,382.72,29.9,12.5,15.6,16.9,18.5,12.3,1.5,0.0,0.0,0.0,0.0,0.0,0.0,0.0,0.0,6.1
12:53:18,OpenTP,79.6,382.81,46.3,34.8,37.5,46.2,32.8,23.4,12.7,3.2,0.0,0.0,0.0,0.0,0.0,0.0,0.0,4.8
12:53:19,OpenTP,73.4,382.81,30.4,26.6,30.8,30.8,20.0,18.8,6.2,1.5,0.0,0.0,0.0,0.0,0.0,0.0,0.0,6.2
12:53:20,OpenTP,42.1,382.81,55.2,30.8,39.1,31.7,41.3,30.8,6.5,4.8,0.0,0.0,1.6,0.0,0.0,0.0,0.0,6.2
12:53:21,OpenTP,89.0,382.88,47.8,23.4,33.8,24.6,25.4,13.6,9.1,4.5,0.0,0.0,0.0,0.0,0.0,0.0,0.0,7.8
12:53:22,OpenTP,101.5,382.91,35.7,25.0,25.0,26.6,18.8,25.0,10.9,4.7,0.0,0.0,0.0,0.0,0.0,0.0,0.0,6.2
12:53:23,OpenTP,64.0,382.91,48.6,31.2,30.8,26.6,12.5,26.6,6.1,4.7,0.0,0.0,0.0,0.0,0.0,0.0,0.0,4.6
12:53:24,OpenTP,64.0,374.77,63.0,50.0,50.8,52.3,36.9,31.2,3.1,0.0,0.0,0.0,0.0,0.0,0.0,0.0,0.0,4.8
12:53:25,OpenTP,101.4,374.77,53.5,26.6,26.6,35.9,30.8,10.9,7.8,6.2,0.0,0.0,0.0,0.0,0.0,0.0,0.0,7.8
12:53:26,OpenTP,82.7,374.83,44.9,28.1,35.9,23.4,17.2,10.9,3.1,1.6,0.0,0.0,0.0,0.0,0.0,0.0,0.0,6.3
12:53:27,OpenTP,31.2,363.77,37.9,25.0,36.9,31.2,15.6,12.3,0.0,0.0,0.0,0.0,0.0,0.0,0.0,0.0,0.0,7.7
12:53:28,OpenTP,50.0,374.83,33.8,15.4,27.3,25.0,12.5,15.9,0.0,0.0,0.0,0.0,0.0,0.0,0.0,0.0,0.0,7.8
12:53:29,OpenTP,99.9,371.15,43.5,30.8,35.9,30.8,33.8,32.3,7.8,7.8,0.0,0.0,0.0,0.0,0.0,0.0,0.0,6.2
12:53:30,OpenTP,93.6,374.89,41.8,29.7,33.8,40.0,17.2,12.5,0.0,0.0,0.0,0.0,0.0,0.0,0.0,0.0,0.0,10.8
12:53:31,OpenTP,62.5,374.89,52.8,26.6,28.8,25.0,25.0,12.5,9.1,9.0,0.0,0.0,0.0,0.0,0.0,0.0,0.0,6.2
12:53:32,OpenTP,68.7,374.89,64.3,43.1,49.3,43.1,37.5,34.4,4.8,1.6,0.0,0.0,0.0,0.0,0.0,0.0,0.0,3.2
12:53:33,OpenTP,95.2,374.89,51.4,35.4,42.2,43.8,30.2,21.9,0.0,0.0,0.0,0.0,0.0,0.0,0.0,0.0,0.0,7.8
12:53:34,OpenTP,96.8,374.89,53.5,19.0,31.2,21.2,37.9,16.9,7.6,3.1,1.5,0.0,0.0,0.0,0.0,0.0,0.0,7.8
12:53:35,OpenTP,85.9,374.89,43.9,18.5,31.2,28.1,14.1,15.6,1.6,1.6,0.0,0.0,0.0,0.0,0.0,0.0,0.0,10.9
12:53:36,OpenTP,92.1,374.89,46.4,26.6,26.2,37.5,21.9,14.1,0.0,1.5,0.0,0.0,0.0,0.0,0.0,0.0,0.0,7.8
12:53:37,OpenTP,57.7,374.89,54.9,37.5,44.6,46.3,25.4,28.1,1.6,0.0,0.0,0.0,0.0,0.0,0.0,0.0,0.0,4.7
12:53:38,OpenTP,96.8,374.89,49.3,32.3,35.4,26.2,26.2,12.3,7.8,0.0,0.0,0.0,0.0,0.0,0.0,0.0,0.0,10.8
12:53:39,OpenTP,68.7,374.89,53.5,26.2,26.6,29.7,22.6,11.3,9.4,4.7,0.0,0.0,0.0,0.0,0.0,0.0,0.0,6.3
12:53:40,OpenTP,73.3,374.89,47.8,29.7,40.6,35.4,24.2,28.8,3.1,3.1,0.0,0.0,0.0,0.0,1.6,0.0,0.0,7.7
12:53:41,OpenTP,89.0,374.89,40.6,28.1,29.7,31.2,23.4,14.1,3.1,4.6,0.0,0.0,0.0,0.0,0.0,0.0,0.0,12.3
12:53:42,OpenTP,65.6,374.89,36.2,35.9,30.8,27.7,20.6,22.2,4.8,1.6,0.0,0.0,0.0,0.0,0.0,0.0,0.0,4.8
12:53:43,OpenTP,32.8,374.89,40.3,29.2,33.8,35.9,18.5,21.2,1.6,0.0,0.0,0.0,0.0,0.0,0.0,0.0,0.0,9.1
12:53:44,OpenTP,42.1,363.83,33.3,16.9,21.5,15.4,15.4,15.2,3.1,3.1,0.0,0.0,0.0,0.0,0.0,0.0,0.0,6.2
12:53:45,OpenTP,49.9,374.89,61.3,39.7,43.1,33.8,28.1,21.9,4.5,3.0,0.0,0.0,0.0,0.0,0.0,0.0,0.0,4.7
12:53:46,OpenTP,76.5,374.89,50.7,23.4,26.6,14.3,23.1,29.2,0.0,0.0,0.0,0.0,0.0,0.0,0.0,0.0,0.0,9.4
12:53:47,OpenTP,39.0,374.89,58.9,18.5,32.3,26.2,9.7,8.1,0.0,0.0,0.0,0.0,0.0,0.0,0.0,0.0,0.0,6.2
12:53:48,OpenTP,39.0,363.83,47.8,31.7,36.9,34.4,32.3,34.8,7.7,6.2,0.0,0.0,0.0,0.0,0.0,0.0,0.0,6.2
12:53:49,OpenTP,96.8,374.89,35.8,32.3,34.4,26.2,26.9,36.4,9.2,6.2,1.6,4.8,0.0,0.0,0.0,0.0,0.0,7.8
12:53:50,OpenTP,28.1,374.89,50.7,25.0,36.2,28.1,21.2,23.8,1.6,7.9,0.0,0.0,0.0,0.0,0.0,0.0,0.0,4.6
12:53:51,OpenTP,64.0,374.89,56.5,43.1,48.4,52.3,31.7,24.6,1.6,4.7,0.0,0.0,3.1,3.1,0.0,0.0,0.0,7.9
12:53:52,OpenTP,45.3,374.89,43.9,23.4,39.1,40.0,18.5,29.7,0.0,0.0,0.0,0.0,0.0,0.0,0.0,0.0,0.0,4.7
12:53:53,OpenTP,39.0,374.89,54.2,27.3,24.6,34.8,21.5,18.2,0.0,0.0,0.0,0.0,0.0,0.0,0.0,0.0,0.0,6.2
12:53:54,OpenTP,93.7,375.08,45.1,20.3,26.6,26.6,23.1,15.4,10.8,7.7,0.0,0.0,0.0,0.0,0.0,0.0,0.0,7.8
12:53:55,OpenTP,78.1,375.08,42.6,28.1,39.1,28.1,33.3,24.6,6.2,3.1,0.0,0.0,0.0,0.0,0.0,0.0,0.0,6.2
12:53:56,OpenTP,56.2,375.09,46.4,41.5,49.2,33.3,20.3,23.4,4.8,3.1,0.0,0.0,0.0,0.0,1.5,0.0,0.0,6.2
12:53:57,OpenTP,3.1,375.09,21.2,10.9,10.9,7.8,10.8,7.8,0.0,0.0,0.0,0.0,3.1,0.0,0.0,0.0,0.0,6.2
12:53:58,OpenTP,56.2,364.09,36.4,26.2,31.2,27.3,30.8,12.7,3.1,0.0,0.0,0.0,0.0,1.6,0.0,0.0,0.0,4.7
12:53:59,OpenTP,32.8,375.15,35.8,12.5,22.7,24.6,12.3,13.8,0.0,0.0,0.0,0.0,0.0,0.0,0.0,0.0,0.0,9.4
12:54:00,OpenTP,45.3,375.15,34.8,20.0,25.0,39.1,27.7,26.2,10.9,6.2,0.0,0.0,0.0,0.0,0.0,0.0,0.0,6.2
12:54:01,OpenTP,59.3,375.15,44.8,25.4,34.4,40.0,17.5,25.0,7.7,3.1,0.0,0.0,0.0,0.0,0.0,0.0,0.0,7.8
12:54:02,OpenTP,84.3,375.16,38.8,33.8,33.8,30.8,29.7,17.7,4.7,1.6,0.0,0.0,0.0,0.0,0.0,0.0,0.0,6.2
12:54:03,OpenTP,81.2,375.16,42.9,33.8,30.8,36.9,20.0,13.8,1.5,0.0,0.0,0.0,0.0,0.0,0.0,0.0,0.0,4.6
12:54:04,OpenTP,45.3,375.23,52.9,21.5,18.8,28.1,16.7,13.8,0.0,0.0,0.0,0.0,0.0,0.0,0.0,0.0,0.0,4.8
12:54:05,OpenTP,92.1,375.23,44.4,35.4,37.9,33.8,20.3,17.5,3.2,3.2,0.0,0.0,0.0,0.0,0.0,0.0,0.0,9.2
12:54:06,OpenTP,29.7,375.23,41.4,23.4,27.7,27.3,9.4,4.6,0.0,0.0,0.0,0.0,0.0,0.0,0.0,0.0,0.0,6.3
12:54:07,OpenTP,6.2,366.85,26.2,12.5,24.6,15.6,1.6,12.7,0.0,0.0,0.0,0.0,0.0,0.0,0.0,0.0,0.0,6.2
12:54:08,OpenTP,53.1,377.91,51.4,23.4,29.2,24.6,12.3,18.5,3.2,6.2,0.0,0.0,0.0,0.0,0.0,0.0,0.0,7.7
12:54:09,OpenTP,84.3,377.91,41.8,25.0,42.2,26.2,21.9,15.6,6.1,4.5,0.0,1.5,0.0,0.0,0.0,0.0,0.0,7.7
12:54:10,OpenTP,65.6,377.91,34.3,26.2,29.7,24.6,20.0,20.6,1.6,0.0,0.0,0.0,0.0,0.0,0.0,0.0,0.0,7.9
12:54:11,OpenTP,48.4,377.91,41.2,31.2,46.2,43.9,24.6,27.7,0.0,0.0,0.0,0.0,0.0,0.0,0.0,0.0,0.0,6.2
12:54:12,OpenTP,85.8,377.91,34.8,34.8,34.4,31.2,22.2,20.3,0.0,0.0,0.0,0.0,0.0,0.0,0.0,0.0,0.0,6.2
12:54:13,OpenTP,20.3,377.91,31.9,18.5,35.9,32.3,18.5,4.8,0.0,0.0,0.0,0.0,0.0,0.0,0.0,0.0,0.0,4.7
12:54:14,OpenTP,87.4,375.23,59.2,55.4,61.2,50.7,35.4,26.9,0.0,0.0,0.0,0.0,0.0,0.0,0.0,0.0,0.0,7.8
12:54:15,OpenTP,54.6,375.23,34.3,15.4,32.8,30.8,15.4,9.4,0.0,0.0,0.0,0.0,0.0,0.0,0.0,0.0,0.0,10.6
12:54:16,OpenTP,81.2,375.23,35.3,20.3,21.5,26.6,23.8,17.5,0.0,0.0,0.0,0.0,0.0,0.0,1.6,0.0,0.0,8.1
12:54:17,OpenTP,71.8,375.25,42.3,20.3,23.4,20.3,17.9,18.2,9.1,1.5,0.0,0.0,0.0,0.0,0.0,0.0,0.0,9.2
12:54:18,OpenTP,78.1,375.25,58.8,43.1,49.2,46.0,25.0,23.8,1.6,3.2,0.0,0.0,0.0,0.0,0.0,0.0,0.0,6.3
12:54:19,OpenTP,40.6,375.25,32.4,19.7,21.9,15.4,15.4,10.8,0.0,0.0,0.0,0.0,0.0,0.0,0.0,0.0,0.0,9.4
12:54:20,OpenTP,56.2,375.25,45.1,20.3,23.1,28.1,32.3,19.0,3.1,3.1,0.0,0.0,0.0,0.0,0.0,0.0,0.0,6.2
12:54:21,OpenTP,74.9,375.25,50.0,43.8,50.8,52.3,39.1,41.5,7.7,9.2,0.0,0.0,0.0,0.0,0.0,0.0,0.0,4.6
12:54:22,OpenTP,93.6,375.25,42.6,25.0,23.4,15.6,21.9,23.4,10.9,6.2,0.0,0.0,0.0,0.0,0.0,0.0,0.0,9.5
12:54:23,OpenTP,59.3,375.25,48.6,27.7,34.4,36.9,15.6,17.5,3.2,0.0,0.0,0.0,1.6,0.0,0.0,0.0,0.0,4.8
12:54:24,OpenTP,62.4,375.25,56.2,29.2,29.7,21.9,17.2,9.2,0.0,0.0,0.0,0.0,0.0,0.0,0.0,0.0,0.0,6.2
12:54:25,OpenTP,46.8,364.25,34.8,20.3,28.1,13.8,11.1,19.0,7.7,6.2,0.0,0.0,0.0,0.0,0.0,0.0,0.0,6.2
12:54:26,OpenTP,64.0,375.32,38.2,21.9,25.0,26.6,18.5,16.9,4.7,0.0,0.0,0.0,0.0,0.0,0.0,0.0,0.0,6.3
12:54:27,OpenTP,62.4,375.32,49.3,29.7,43.1,29.2,26.2,18.8,4.6,6.2,1.5,0.0,0.0,0.0,0.0,0.0,0.0,6.1
12:54:28,OpenTP,89.0,369.18,41.8,25.0,29.7,24.6,20.6,11.1,1.6,6.3,0.0,0.0,0.0,0.0,0.0,0.0,0.0,6.3
12:54:29,OpenTP,40.6,375.32,55.7,25.0,23.4,32.8,24.6,15.4,0.0,0.0,0.0,0.0,0.0,0.0,0.0,0.0,0.0,4.7
12:54:30,OpenTP,88.9,375.32,25.4,31.2,27.7,24.6,26.6,18.8,1.5,3.1,0.0,0.0,0.0,0.0,0.0,0.0,0.0,9.5
12:54:31,OpenTP,67.1,375.32,49.3,42.4,54.5,40.0,26.2,21.5,4.7,1.6,0.0,0.0,0.0,0.0,0.0,0.0,0.0,6.2
12:54:32,OpenTP,92.1,375.32,45.6,39.1,40.6,39.1,42.9,28.6,12.5,14.1,0.0,0.0,0.0,0.0,0.0,0.0,0.0,7.8
12:54:33,OpenTP,25.0,375.32,35.7,21.5,22.7,20.3,25.8,21.9,14.1,7.8,4.7,4.7,0.0,0.0,0.0,0.0,0.0,4.7
12:54:34,OpenTP,82.6,375.32,58.0,32.3,35.4,29.7,26.6,17.2,6.2,1.5,0.0,0.0,0.0,0.0,0.0,1.5,0.0,6.2
12:54:35,OpenTP,48.4,375.32,40.9,4.8,20.6,26.2,26.6,24.6,6.2,1.6,0.0,0.0,0.0,0.0,0.0,0.0,0.0,7.7
12:54:36,OpenTP,85.8,364.29,42.4,24.6,30.8,21.9,25.8,17.2,9.2,3.1,0.0,1.6,0.0,0.0,0.0,0.0,0.0,7.9
12:54:37,OpenTP,79.6,375.32,43.5,19.7,31.2,23.4,29.7,15.9,4.8,1.6,0.0,0.0,0.0,0.0,0.0,0.0,0.0,9.2
12:54:38,OpenTP,46.8,375.32,38.6,15.6,16.9,14.1,18.8,22.7,4.7,4.7,0.0,0.0,0.0,0.0,0.0,0.0,0.0,4.8
12:54:39,OpenTP,67.1,369.91,47.8,30.8,34.8,36.9,34.4,26.6,4.7,0.0,0.0,0.0,0.0,0.0,0.0,0.0,0.0,6.2
12:54:40,OpenTP,48.4,375.32,45.1,29.7,29.2,20.3,23.1,20.0,3.1,3.1,0.0,0.0,0.0,0.0,0.0,0.0,0.0,6.2
12:54:41,OpenTP,76.5,375.32,47.8,20.3,35.5,21.0,22.6,6.5,12.5,4.7,0.0,1.6,0.0,0.0,0.0,0.0,0.0,7.9
12:54:42,OpenTP,39.0,375.32,44.9,20.3,19.7,21.2,17.9,21.2,15.9,1.6,0.0,0.0,0.0,0.0,0.0,0.0,0.0,4.7
12:54:43,OpenTP,82.7,375.32,43.5,23.4,34.4,23.4,20.3,10.9,16.7,12.3,0.0,1.6,0.0,0.0,0.0,0.0,0.0,4.7
12:54:44,OpenTP,28.1,364.25,38.2,14.1,21.5,18.8,12.5,18.5,6.5,4.8,0.0,0.0,0.0,0.0,1.6,0.0,0.0,7.8
12:54:45,OpenTP,57.8,375.32,28.1,17.2,25.0,21.9,18.5,16.9,6.1,1.5,0.0,0.0,0.0,0.0,0.0,0.0,0.0,7.7
12:54:46,OpenTP,90.5,375.32,31.8,28.1,31.2,39.1,23.4,14.1,0.0,0.0,0.0,0.0,0.0,0.0,0.0,0.0,0.0,6.3
12:54:47,OpenTP,34.3,375.33,34.8,23.4,32.8,28.1,18.2,12.3,3.1,3.1,0.0,0.0,0.0,0.0,0.0,0.0,0.0,7.6
12:54:48,OpenTP,95.2,375.33,47.1,26.2,40.0,32.8,26.6,26.6,21.5,12.3,3.2,1.6,0.0,0.0,0.0,0.0,0.0,9.7
12:54:49,OpenTP,54.7,375.33,50.0,41.5,53.1,47.7,45.5,35.9,32.8,25.4,0.0,0.0,0.0,0.0,0.0,0.0,0.0,7.8
12:54:50,OpenTP,25.0,364.27,47.1,32.8,45.5,34.8,18.5,7.8,6.5,4.8,0.0,0.0,0.0,0.0,0.0,0.0,0.0,4.7
12:54:51,OpenTP,71.8,375.33,57.1,39.1,47.0,50.0,28.1,28.1,9.1,3.0,0.0,0.0,0.0,0.0,0.0,0.0,0.0,4.7
12:54:52,OpenTP,60.9,375.33,53.6,30.8,44.6,46.2,37.5,28.6,12.9,4.8,0.0,0.0,0.0,0.0,0.0,1.6,0.0,6.2
12:54:53,OpenTP,79.6,375.33,43.5,28.6,34.4,29.2,17.2,9.5,1.6,1.6,0.0,0.0,0.0,0.0,0.0,0.0,0.0,9.4
12:54:54,OpenTP,93.6,375.33,30.8,24.6,35.4,33.8,32.8,20.9,9.4,12.3,0.0,0.0,0.0,0.0,0.0,0.0,0.0,7.9
12:54:55,OpenTP,54.7,375.33,57.6,32.4,32.8,34.8,28.1,17.5,1.5,0.0,0.0,0.0,0.0,0.0,0.0,0.0,0.0,7.8
12:54:56,OpenTP,34.4,375.33,50.0,23.4,34.4,33.8,18.5,9.5,4.7,0.0,0.0,0.0,0.0,0.0,0.0,0.0,0.0,4.7
12:54:57,OpenTP,92.1,375.36,51.5,29.7,34.4,16.9,33.3,9.1,9.4,0.0,0.0,0.0,0.0,0.0,0.0,0.0,0.0,7.7
12:54:58,OpenTP,67.1,375.36,42.0,21.5,26.6,31.2,28.1,24.2,3.2,1.6,0.0,0.0,0.0,0.0,0.0,0.0,0.0,7.8
12:54:59,OpenTP,99.9,375.36,47.8,18.8,21.9,31.2,20.3,20.3,0.0,0.0,0.0,0.0,0.0,0.0,0.0,0.0,0.0,9.4
12:55:00,OpenTP,78.1,367.55,44.3,25.0,23.4,28.1,20.3,10.9,7.9,3.1,0.0,0.0,0.0,0.0,0.0,0.0,0.0,9.4
12:55:01,OpenTP,84.3,375.36,39.4,21.5,40.6,43.1,21.9,17.2,6.2,4.6,0.0,0.0,0.0,0.0,0.0,0.0,0.0,6.2
12:55:02,OpenTP,78.0,375.36,53.7,37.9,40.0,39.1,28.1,29.7,12.7,20.6,0.0,0.0,0.0,0.0,0.0,0.0,0.0,4.7
12:55:03,OpenTP,26.5,378.04,51.5,18.8,33.3,25.0,25.0,20.0,0.0,0.0,0.0,0.0,0.0,0.0,0.0,0.0,0.0,7.9
12:55:04,OpenTP,25.0,378.04,36.2,15.6,20.0,18.5,6.2,10.9,3.1,0.0,0.0,0.0,0.0,0.0,0.0,0.0,0.0,9.2
12:55:05,OpenTP,79.6,378.04,45.6,34.8,38.5,38.5,19.7,23.1,3.1,1.5,0.0,0.0,1.5,0.0,0.0,0.0,0.0,7.6
12:55:06,OpenTP,81.2,378.04,49.3,43.9,35.9,36.9,27.0,11.1,9.5,1.6,0.0,0.0,0.0,0.0,0.0,0.0,0.0,3.2
12:55:07,OpenTP,92.1,378.04,42.4,26.2,23.4,30.8,21.5,16.9,1.6,0.0,0.0,0.0,0.0,0.0,0.0,0.0,0.0,6.2
12:55:08,OpenTP,90.5,378.04,36.4,28.1,43.3,31.2,23.4,15.6,4.6,1.5,0.0,0.0,0.0,0.0,0.0,0.0,0.0,9.2
12:55:09,OpenTP,71.8,370.16,53.5,29.2,35.9,18.8,25.0,18.8,4.8,1.6,0.0,0.0,0.0,0.0,1.6,1.6,0.0,6.2
12:55:10,OpenTP,54.6,375.36,40.8,17.2,21.9,33.8,18.5,17.2,0.0,0.0,0.0,0.0,1.5,0.0,0.0,0.0,0.0,4.8
12:55:11,OpenTP,68.7,375.36,58.6,39.1,40.6,25.4,23.8,19.0,0.0,0.0,0.0,0.0,0.0,0.0,0.0,0.0,0.0,4.7
12:55:12,OpenTP,95.2,375.36,44.1,28.8,28.1,18.5,20.0,13.8,0.0,0.0,0.0,0.0,0.0,0.0,0.0,0.0,0.0,9.1
12:55:13,OpenTP,35.9,375.36,37.3,23.4,21.9,15.6,15.6,6.2,6.5,11.3,0.0,0.0,0.0,0.0,0.0,0.0,0.0,6.5
12:55:14,OpenTP,92.1,375.36,49.3,26.6,20.3,28.1,14.1,7.8,7.7,1.5,0.0,0.0,0.0,0.0,0.0,0.0,1.6,9.2
12:55:15,OpenTP,43.7,375.36,42.3,20.3,21.5,20.3,12.5,13.8,0.0,0.0,0.0,0.0,0.0,0.0,0.0,0.0,0.0,3.1
12:55:16,OpenTP,73.4,375.36,50.7,34.4,31.2,40.9,26.6,15.9,0.0,4.7,0.0,0.0,0.0,0.0,0.0,0.0,0.0,6.2
12:55:17,OpenTP,51.5,375.36,58.0,33.3,42.4,46.2,21.9,21.9,3.1,4.7,0.0,0.0,0.0,0.0,0.0,0.0,0.0,6.2
12:55:18,OpenTP,32.8,375.36,42.0,10.9,21.9,18.8,9.1,7.7,0.0,0.0,0.0,0.0,0.0,0.0,0.0,0.0,0.0,9.4
12:55:19,OpenTP,77.9,375.36,59.2,40.0,50.8,38.5,29.7,32.8,18.5,17.2,9.2,6.2,0.0,0.0,0.0,0.0,0.0,7.8
12:55:20,OpenTP,89.0,375.36,47.0,43.1,35.9,30.3,33.8,28.8,19.7,12.1,0.0,0.0,0.0,0.0,0.0,0.0,0.0,9.2
12:55:21,OpenTP,98.3,375.36,52.9,18.5,29.7,28.1,26.6,22.2,16.1,4.8,0.0,0.0,0.0,0.0,0.0,0.0,0.0,7.9
12:55:22,OpenTP,64.0,375.36,52.8,23.4,40.6,33.3,36.9,32.8,18.8,17.2,0.0,0.0,0.0,0.0,0.0,0.0,0.0,4.7
12:55:23,OpenTP,7.8,364.29,37.7,7.8,7.7,16.9,6.2,3.0,0.0,0.0,0.0,0.0,0.0,0.0,0.0,0.0,0.0,9.1
12:55:24,OpenTP,45.3,364.29,37.3,25.4,31.2,28.1,9.5,4.8,0.0,3.1,0.0,0.0,0.0,0.0,0.0,0.0,0.0,7.9
12:55:25,OpenTP,12.5,364.29,42.3,16.7,17.2,21.9,1.5,3.1,0.0,0.0,0.0,0.0,0.0,0.0,0.0,0.0,0.0,6.2
12:55:26,OpenTP,60.9,364.29,44.1,18.8,26.2,15.6,12.5,10.9,0.0,0.0,0.0,0.0,0.0,0.0,0.0,0.0,0.0,7.9
12:55:27,OpenTP,32.8,375.36,48.5,25.0,29.2,25.0,16.1,17.7,0.0,0.0,0.0,0.0,0.0,0.0,0.0,0.0,0.0,6.2
12:55:28,OpenTP,79.6,375.36,51.5,26.6,32.8,21.5,24.2,10.6,7.6,3.0,0.0,0.0,0.0,0.0,0.0,0.0,1.5,10.6
12:55:29,OpenTP,90.5,375.36,39.7,26.6,21.5,20.3,20.3,10.9,0.0,0.0,0.0,0.0,0.0,0.0,0.0,0.0,0.0,6.5
12:55:30,OpenTP,70.2,364.3,45.6,30.3,31.2,33.8,17.2,18.8,4.8,0.0,0.0,0.0,0.0,0.0,0.0,0.0,0.0,6.2
12:55:31,OpenTP,7.8,375.36,19.7,7.8,21.9,12.5,7.8,9.4,3.1,0.0,3.1,0.0,0.0,0.0,0.0,0.0,0.0,9.2
12:55:32,OpenTP,65.6,375.37,38.2,20.3,23.4,15.6,23.4,29.7,7.8,7.8,0.0,0.0,0.0,0.0,0.0,0.0,0.0,4.8
12:55:33,OpenTP,79.6,375.37,41.7,29.7,25.0,29.2,17.7,14.5,6.2,3.1,0.0,0.0,0.0,0.0,0.0,0.0,0.0,9.5
12:55:34,OpenTP,79.6,375.37,36.4,23.4,18.8,18.8,15.6,12.5,4.7,0.0,0.0,0.0,0.0,0.0,0.0,0.0,0.0,7.7
12:55:35,OpenTP,53.1,375.37,39.1,18.5,26.6,25.0,20.9,9.0,7.7,4.6,0.0,0.0,0.0,0.0,0.0,0.0,0.0,7.8
12:55:36,OpenTP,32.8,375.32,40.0,21.9,20.0,23.4,10.9,12.5,3.1,0.0,1.6,0.0,0.0,0.0,0.0,0.0,0.0,4.7
12:55:37,OpenTP,81.2,375.32,31.8,31.2,28.8,24.6,15.2,21.9,4.8,4.8,0.0,0.0,0.0,0.0,0.0,0.0,0.0,7.8
12:55:38,OpenTP,71.8,375.32,36.8,22.7,27.0,22.2,9.5,10.9,4.6,1.5,0.0,0.0,0.0,0.0,0.0,0.0,0.0,7.6
12:55:39,OpenTP,54.6,375.32,39.7,24.6,21.5,29.7,20.0,12.3,3.1,3.2,0.0,0.0,0.0,0.0,0.0,0.0,0.0,6.5
12:55:40,OpenTP,60.9,375.32,51.5,30.8,32.3,20.0,14.3,17.5,3.1,4.6,0.0,0.0,0.0,0.0,0.0,0.0,0.0,6.2
12:55:41,OpenTP,92.1,375.32,42.0,28.1,32.3,32.3,21.5,17.2,11.1,1.6,0.0,0.0,0.0,0.0,0.0,0.0,0.0,4.7
12:55:42,OpenTP,79.6,375.32,49.3,29.7,44.6,27.7,26.2,14.1,7.8,9.4,0.0,0.0,0.0,0.0,0.0,0.0,0.0,7.6
12:55:43,OpenTP,53.0,375.32,44.1,28.1,23.4,30.8,20.6,7.8,4.7,3.1,0.0,0.0,0.0,0.0,0.0,0.0,0.0,6.3
12:55:44,OpenTP,62.4,367.8,50.7,34.4,34.4,36.9,13.6,13.8,0.0,0.0,0.0,0.0,0.0,0.0,0.0,0.0,0.0,4.5
12:55:45,OpenTP,107.7,375.32,57.5,32.8,34.4,36.9,26.6,12.7,3.2,3.2,0.0,0.0,0.0,0.0,0.0,0.0,0.0,6.3
12:55:46,OpenTP,98.3,375.32,42.0,21.9,32.8,35.9,21.9,21.5,3.1,1.6,0.0,0.0,0.0,0.0,0.0,0.0,0.0,7.8
12:55:47,OpenTP,85.9,365.96,50.0,29.7,40.6,27.7,19.7,15.6,0.0,0.0,0.0,0.0,0.0,0.0,0.0,0.0,0.0,6.2
12:55:48,OpenTP,89.0,375.33,50.0,33.3,40.6,28.1,28.8,6.2,0.0,0.0,0.0,0.0,0.0,0.0,0.0,0.0,0.0,7.8
12:55:49,OpenTP,56.2,375.33,41.2,9.4,14.1,16.9,18.8,6.2,6.2,3.1,0.0,0.0,0.0,0.0,0.0,0.0,0.0,10.9
12:55:50,OpenTP,10.9,366.21,30.0,12.5,20.0,15.6,18.5,9.4,0.0,0.0,0.0,0.0,0.0,0.0,0.0,0.0,0.0,9.4
12:55:51,OpenTP,87.4,375.33,50.7,39.1,48.5,32.3,25.0,18.8,0.0,1.5,0.0,0.0,0.0,0.0,0.0,0.0,0.0,3.1
12:55:52,OpenTP,60.9,375.33,47.8,21.9,25.0,10.9,22.2,14.3,7.9,1.6,0.0,0.0,0.0,0.0,1.6,0.0,0.0,7.9
12:55:53,OpenTP,70.3,375.33,26.5,14.1,17.2,23.4,28.1,25.0,3.1,3.1,0.0,0.0,0.0,0.0,0.0,0.0,0.0,7.8
12:55:54,OpenTP,57.8,365.68,38.8,30.3,30.8,24.2,17.2,23.4,4.7,3.1,0.0,0.0,0.0,0.0,0.0,0.0,0.0,6.2
12:55:55,OpenTP,35.9,375.33,30.3,20.6,23.4,19.0,7.8,4.7,1.6,3.1,0.0,0.0,0.0,0.0,0.0,0.0,0.0,9.4
12:55:56,OpenTP,87.4,375.33,45.7,18.5,25.0,23.1,14.1,21.9,7.7,3.1,0.0,0.0,0.0,0.0,0.0,0.0,0.0,4.7
12:55:57,OpenTP,78.0,375.33,47.1,18.8,26.2,33.8,10.9,9.4,6.2,1.6,0.0,0.0,0.0,0.0,0.0,0.0,0.0,6.2
12:55:58,OpenTP,35.9,375.33,47.1,31.8,34.4,38.5,23.9,13.6,0.0,0.0,0.0,0.0,0.0,0.0,0.0,0.0,0.0,6.2
12:55:59,OpenTP,81.2,366.25,44.9,29.7,37.5,26.6,21.5,9.4,4.8,0.0,0.0,0.0,0.0,0.0,1.6,0.0,0.0,6.2
12:56:00,OpenTP,98.4,375.33,60.6,26.6,28.1,31.2,19.4,17.5,0.0,0.0,0.0,0.0,0.0,0.0,0.0,0.0,0.0,7.9
12:56:01,OpenTP,90.5,375.33,36.4,32.3,46.2,34.4,22.7,21.2,4.6,1.5,0.0,0.0,0.0,0.0,0.0,0.0,0.0,4.7
12:56:02,OpenTP,43.7,364.26,29.9,14.1,15.6,12.5,15.4,4.7,3.1,1.6,0.0,0.0,0.0,0.0,0.0,0.0,0.0,6.2
12:56:03,OpenTP,67.1,375.33,59.7,35.4,32.3,28.1,42.9,37.1,19.0,23.1,0.0,0.0,0.0,0.0,0.0,0.0,0.0,7.8
12:56:04,OpenTP,84.3,375.33,42.6,18.8,23.4,23.4,13.6,16.7,4.6,3.1,0.0,0.0,0.0,0.0,0.0,0.0,0.0,7.9
12:56:05,OpenTP,59.3,373.47,54.9,29.2,39.4,29.7,13.8,20.0,3.1,3.1,0.0,0.0,0.0,0.0,0.0,0.0,0.0,4.6
12:56:06,OpenTP,9.4,364.26,48.5,23.4,34.4,37.5,25.0,21.9,17.2,12.5,0.0,0.0,0.0,0.0,0.0,0.0,0.0,7.9
12:56:07,OpenTP,7.8,364.26,42.9,18.5,15.6,15.2,12.5,7.9,3.1,4.5,0.0,0.0,0.0,0.0,0.0,0.0,0.0,4.7
12:56:08,OpenTP,46.8,375.33,47.9,32.3,23.4,26.6,24.6,12.3,3.1,6.2,0.0,0.0,0.0,0.0,0.0,0.0,1.5,7.7
12:56:09,OpenTP,29.7,375.33,37.1,16.9,35.4,20.3,27.7,17.2,9.2,3.1,7.7,0.0,0.0,0.0,0.0,0.0,0.0,6.2
12:56:10,OpenTP,59.3,375.33,50.7,28.8,28.1,38.5,28.1,20.3,10.9,0.0,0.0,0.0,0.0,0.0,0.0,0.0,0.0,4.6
12:56:11,OpenTP,82.7,375.33,41.2,36.8,21.9,18.2,29.2,19.4,1.6,1.6,0.0,0.0,0.0,0.0,0.0,0.0,0.0,9.5
12:56:12,OpenTP,40.6,375.33,43.3,20.3,26.2,36.4,15.4,20.3,4.7,3.1,0.0,0.0,0.0,0.0,0.0,0.0,0.0,4.7
12:56:13,OpenTP,74.9,375.33,38.2,20.0,34.4,12.5,26.6,19.0,9.4,3.1,0.0,0.0,0.0,0.0,0.0,0.0,0.0,7.7
12:56:14,OpenTP,62.5,375.33,27.3,9.4,20.3,23.1,15.6,12.3,4.5,1.5,0.0,0.0,0.0,0.0,0.0,0.0,0.0,9.5
12:56:15,OpenTP,60.9,375.33,55.6,20.6,37.9,34.9,23.4,29.7,6.3,3.2,0.0,0.0,1.5,0.0,0.0,0.0,0.0,6.2
12:56:16,OpenTP,101.4,375.33,47.8,29.2,26.2,30.8,23.4,23.8,10.9,6.2,0.0,0.0,0.0,0.0,0.0,0.0,0.0,6.2
