Timestamp,Software,CPU_Total_Pct,RAM_Total_MB,Core_0_Pct,Core_1_Pct,Core_2_Pct,Core_3_Pct,Core_4_Pct,Core_5_Pct,Core_6_Pct,Core_7_Pct
22:20:40,OpenTP,7.6,327.61,29.4,10.8,15.4,13.8,1.6,4.7,0.0,4.5
22:20:41,OpenTP,24.9,327.55,39.1,18.2,14.1,20.3,4.7,1.6,0.0,4.8
22:20:42,OpenTP,59.3,334.96,38.0,23.4,31.8,6.2,18.5,3.1,0.0,6.2
22:20:43,OpenTP,59.3,335.16,23.1,21.9,29.7,15.6,7.7,1.6,0.0,7.8
22:20:44,OpenTP,59.3,335.56,39.7,28.8,26.6,16.7,1.5,0.0,0.0,6.2
22:20:45,OpenTP,64.0,335.79,37.1,13.8,35.4,21.5,15.9,7.9,0.0,6.2
22:20:46,OpenTP,62.4,334.32,49.3,18.8,31.2,12.5,1.5,1.5,0.0,7.9
22:20:47,OpenTP,62.4,336.31,30.8,12.5,24.6,21.9,15.4,9.2,0.0,7.7
22:20:48,OpenTP,60.9,336.56,44.3,20.0,31.2,21.5,17.2,9.4,0.0,6.2
22:20:49,OpenTP,14.0,336.68,27.9,15.4,18.5,15.6,6.5,4.8,0.0,6.2
22:20:50,OpenTP,65.6,336.93,40.3,15.6,29.7,21.9,0.0,0.0,0.0,7.9
22:20:51,OpenTP,42.1,337.06,15.2,15.4,21.9,10.9,4.6,1.5,0.0,6.2
22:20:52,OpenTP,54.6,337.37,39.1,12.3,32.8,7.8,7.8,6.2,0.0,6.1
22:20:53,OpenTP,14.1,330.23,18.2,3.1,12.5,9.4,1.6,0.0,0.0,4.7
22:20:54,OpenTP,18.7,330.44,30.4,13.8,6.2,12.5,4.8,0.0,0.0,6.3
22:20:55,OpenTP,20.3,337.91,21.7,6.2,18.5,7.7,0.0,0.0,0.0,7.7
22:20:56,OpenTP,40.6,338.19,27.3,15.6,29.2,9.5,0.0,0.0,0.0,7.8
22:20:57,OpenTP,49.9,338.43,30.9,12.7,29.2,21.5,3.1,1.6,0.0,6.3
22:20:58,OpenTP,34.3,338.56,36.6,10.8,27.7,10.9,0.0,0.0,0.0,6.2
22:20:59,OpenTP,51.5,338.75,34.3,13.8,35.8,12.3,10.9,0.0,0.0,9.2
22:21:00,OpenTP,68.6,339.12,36.8,18.8,39.1,25.0,10.9,1.6,0.0,6.2
22:21:01,OpenTP,15.6,339.12,25.4,10.9,16.9,7.8,0.0,0.0,0.0,6.2
22:21:02,OpenTP,51.5,339.31,37.3,21.5,23.4,23.1,0.0,0.0,0.0,7.8
22:21:03,OpenTP,57.8,339.62,37.1,15.6,26.2,10.9,4.7,3.1,0.0,6.2
22:21:04,OpenTP,56.2,339.87,31.3,23.4,36.4,26.2,9.1,3.0,0.0,6.2
22:21:05,OpenTP,51.5,340.09,33.3,7.8,17.2,23.4,7.9,0.0,0.0,6.3
22:21:06,OpenTP,59.3,340.37,44.9,25.0,29.7,23.1,0.0,0.0,0.0,7.8
22:21:07,OpenTP,60.9,340.62,25.8,20.9,22.7,13.8,14.1,1.6,0.0,6.2
22:21:08,OpenTP,57.7,340.93,26.2,20.6,21.9,18.8,0.0,0.0,0.0,6.2
22:21:09,OpenTP,59.3,341.12,33.8,15.2,31.8,6.3,15.6,1.6,0.0,6.2
22:21:10,OpenTP,49.9,341.37,44.4,29.7,43.9,20.0,12.3,4.6,0.0,6.2
22:21:11,OpenTP,56.2,341.68,30.4,10.9,29.2,17.2,27.7,7.7,0.0,9.4
22:21:12,OpenTP,65.5,337.82,36.2,21.9,38.8,24.6,15.6,3.1,0.0,7.8
22:21:13,OpenTP,64.0,342.16,43.1,36.9,37.5,39.1,6.2,0.0,0.0,6.2
22:21:14,OpenTP,59.3,343.41,45.6,25.8,28.1,18.8,23.4,4.6,0.0,6.3
22:21:15,OpenTP,67.1,343.66,44.6,23.4,38.5,25.0,26.6,17.5,7.8,15.2
22:21:16,OpenTP,34.3,343.73,28.8,9.4,28.8,21.9,13.8,1.5,0.0,6.2
22:21:17,OpenTP,14.0,336.57,22.1,10.9,15.6,9.4,0.0,0.0,0.0,4.8
22:21:18,OpenTP,51.5,343.95,32.4,12.5,28.1,9.4,21.9,4.7,0.0,4.7
22:21:19,OpenTP,54.6,344.08,29.2,9.4,23.4,23.1,6.1,3.1,0.0,7.8
22:21:20,OpenTP,40.6,344.21,40.0,18.2,23.1,16.4,1.6,0.0,0.0,7.8
22:21:21,OpenTP,50.0,344.33,40.0,20.0,17.2,20.3,0.0,0.0,0.0,6.2
22:21:22,OpenTP,57.7,344.49,30.9,15.4,26.2,10.9,17.2,9.2,0.0,9.2
22:21:23,OpenTP,46.8,338.92,30.9,17.2,27.7,12.5,7.7,1.5,0.0,6.3
22:21:24,OpenTP,40.6,344.77,21.5,15.6,25.0,25.0,0.0,0.0,0.0,7.7
22:21:25,OpenTP,64.0,344.96,29.9,12.5,25.0,12.5,13.8,1.5,0.0,6.3
22:21:26,OpenTP,35.9,345.02,29.9,15.6,17.5,12.5,9.4,7.8,0.0,6.2
22:21:27,OpenTP,60.8,345.22,42.0,17.2,32.8,19.4,1.6,1.6,0.0,6.2
22:21:28,OpenTP,51.5,345.35,37.7,10.9,23.4,21.9,0.0,0.0,0.0,7.7
22:21:29,OpenTP,39.0,338.27,20.9,14.1,25.8,6.2,6.3,3.2,0.0,4.8
22:21:30,OpenTP,65.6,345.66,35.3,14.1,18.8,12.5,18.5,3.1,0.0,6.3
22:21:31,OpenTP,59.3,345.85,33.8,10.9,18.8,9.4,29.2,0.0,0.0,7.7
22:21:32,OpenTP,62.4,345.97,31.8,21.2,31.8,21.5,14.3,3.2,0.0,9.4
22:21:33,OpenTP,18.7,338.84,13.6,3.2,9.4,12.7,12.5,0.0,0.0,9.4
22:21:34,OpenTP,56.2,346.22,28.8,16.9,26.2,21.9,0.0,0.0,0.0,7.7
22:21:35,OpenTP,57.7,339.15,20.3,7.8,21.9,18.5,25.8,7.6,0.0,7.8
22:21:36,OpenTP,43.7,346.47,26.2,9.4,25.0,10.9,0.0,0.0,0.0,9.4
22:21:37,OpenTP,14.0,346.47,9.4,7.9,10.9,3.1,4.8,0.0,0.0,4.7
22:21:38,OpenTP,48.4,346.66,34.3,14.1,29.2,21.5,0.0,0.0,0.0,3.1
22:21:39,OpenTP,53.1,346.85,32.4,10.6,23.4,14.1,12.5,7.8,3.1,7.9
22:21:40,OpenTP,49.9,346.01,30.9,17.2,27.7,25.0,6.3,0.0,0.0,7.6
22:21:41,OpenTP,45.3,347.15,31.8,16.9,16.9,17.2,4.6,1.5,0.0,7.7
22:21:42,OpenTP,59.3,347.24,29.2,14.1,28.1,20.3,14.1,4.6,0.0,6.3
22:21:43,OpenTP,56.2,347.36,28.4,15.6,26.2,6.2,7.9,1.6,0.0,6.2
22:21:44,OpenTP,40.6,347.43,41.4,9.4,20.0,15.6,0.0,0.0,0.0,7.8
22:21:45,OpenTP,31.2,347.43,35.7,18.5,21.5,13.8,3.1,0.0,0.0,6.2
22:21:46,OpenTP,57.7,347.52,32.9,19.7,26.6,13.8,4.5,0.0,0.0,7.8
22:21:47,OpenTP,64.0,347.68,34.3,21.9,29.2,25.0,3.2,3.2,0.0,6.2
22:21:48,OpenTP,60.9,347.74,42.3,14.1,15.6,23.1,6.1,0.0,0.0,6.2
22:21:49,OpenTP,60.8,347.93,44.1,23.4,28.8,12.5,6.5,3.2,0.0,6.2
22:21:50,OpenTP,54.6,347.99,25.8,12.5,27.7,7.8,9.1,0.0,0.0,6.2
22:21:51,OpenTP,64.0,348.11,40.3,23.1,33.8,16.9,0.0,0.0,0.0,6.2
22:21:52,OpenTP,18.7,340.85,32.8,11.1,9.5,10.8,0.0,0.0,0.0,7.9
22:21:53,OpenTP,18.7,340.98,25.8,9.1,7.8,14.1,0.0,0.0,0.0,6.2
22:21:54,OpenTP,14.0,341.1,19.7,10.9,9.2,13.8,1.6,3.1,0.0,4.6
22:21:55,OpenTP,18.7,341.16,12.3,9.2,14.1,17.2,9.5,3.2,0.0,6.3
22:21:56,OpenTP,54.6,348.44,35.8,20.0,26.2,23.4,6.2,1.6,0.0,7.8
22:21:57,OpenTP,62.4,348.5,42.4,9.4,24.2,20.3,13.8,12.3,0.0,7.8
22:21:58,OpenTP,48.4,348.57,36.1,20.3,21.9,15.6,1.5,0.0,0.0,9.4
22:21:59,OpenTP,46.8,348.57,41.4,15.4,24.6,10.8,17.5,11.1,0.0,6.2
22:22:00,OpenTP,65.6,348.63,44.1,32.8,40.6,38.5,7.7,1.6,0.0,9.4
22:22:01,OpenTP,71.8,348.63,38.2,17.2,27.7,15.6,9.2,3.1,0.0,6.2
22:22:02,OpenTP,34.3,348.7,21.5,11.1,25.8,9.5,7.6,6.2,0.0,6.2
22:22:03,OpenTP,17.2,348.7,26.1,9.2,21.2,6.2,4.7,1.6,0.0,7.8
22:22:04,OpenTP,59.3,354.14,34.8,11.1,32.8,12.7,14.1,6.2,4.7,16.9
22:22:05,OpenTP,62.5,354.2,28.8,15.4,42.2,24.6,9.5,0.0,0.0,7.8
22:22:06,OpenTP,59.3,354.27,35.8,28.1,28.1,23.1,0.0,0.0,0.0,6.2
22:22:07,OpenTP,62.4,354.27,38.8,21.5,34.4,18.8,9.4,4.6,0.0,6.3
22:22:08,OpenTP,31.2,347.07,31.8,15.4,20.0,6.2,0.0,0.0,0.0,4.7
22:22:09,OpenTP,57.7,354.33,29.9,10.8,23.4,20.3,15.9,7.9,0.0,6.3
22:22:10,OpenTP,34.3,347.54,30.0,17.2,24.2,27.7,3.1,1.5,0.0,7.7
22:22:11,OpenTP,59.3,354.39,36.9,13.8,21.9,12.5,7.8,4.7,0.0,7.7
22:22:12,OpenTP,53.1,354.45,32.3,23.4,20.0,13.8,0.0,0.0,0.0,7.8
22:22:13,OpenTP,29.7,354.45,27.9,18.5,15.4,18.5,0.0,0.0,0.0,7.8
22:22:14,OpenTP,57.8,354.52,34.8,16.9,21.5,21.5,25.4,4.8,0.0,6.2
22:22:15,OpenTP,51.5,354.52,30.9,7.9,19.0,14.3,10.6,10.4,0.0,6.2
22:22:16,OpenTP,42.1,347.32,30.3,9.4,28.8,18.8,4.8,1.6,0.0,4.7
22:22:17,OpenTP,62.4,354.58,36.8,13.8,28.1,23.1,7.6,0.0,0.0,7.7
22:22:18,OpenTP,65.5,354.64,41.8,21.2,34.4,22.7,1.6,1.5,0.0,7.7
22:22:19,OpenTP,23.4,347.38,23.9,7.8,24.2,12.3,12.3,3.2,0.0,4.8
22:22:20,OpenTP,28.1,347.38,27.9,13.8,29.7,18.5,0.0,0.0,0.0,6.3
22:22:21,OpenTP,15.6,353.51,13.6,4.7,16.9,9.4,3.1,0.0,0.0,6.2
22:22:22,OpenTP,65.6,354.7,36.4,23.4,28.1,15.6,0.0,0.0,0.0,7.9
22:22:23,OpenTP,57.7,354.77,34.8,12.5,30.8,12.5,4.6,6.2,0.0,6.2
22:22:24,OpenTP,70.2,354.83,35.3,15.6,32.3,18.8,11.1,1.6,0.0,7.8
22:22:25,OpenTP,56.2,354.83,30.9,15.2,21.9,10.8,10.9,4.7,3.1,9.4
22:22:26,OpenTP,54.6,354.84,36.4,14.1,25.0,15.6,0.0,0.0,0.0,6.2
22:22:27,OpenTP,54.6,354.87,28.8,22.2,22.7,15.9,14.1,6.2,0.0,7.8
22:22:28,OpenTP,59.3,354.87,36.8,20.0,31.3,23.1,1.5,0.0,0.0,9.4
22:22:29,OpenTP,59.3,354.87,24.6,14.1,23.4,18.8,17.2,7.7,0.0,7.6
22:22:30,OpenTP,23.4,354.87,24.6,14.1,17.2,10.9,0.0,0.0,0.0,7.9
22:22:31,OpenTP,64.0,354.87,35.8,20.0,26.6,17.2,7.5,1.5,0.0,6.2
22:22:32,OpenTP,32.8,354.87,31.3,10.8,17.2,14.1,1.6,0.0,0.0,3.2
22:22:33,OpenTP,60.9,353.55,34.3,20.0,31.8,9.2,4.6,3.1,0.0,6.2
22:22:34,OpenTP,49.9,354.87,35.8,17.2,23.4,25.0,0.0,0.0,0.0,6.2
22:22:35,OpenTP,60.8,354.87,36.2,9.4,35.9,18.8,13.8,1.5,1.5,4.8
22:22:36,OpenTP,60.9,354.87,34.3,18.5,29.2,24.2,7.8,4.7,0.0,7.7
22:22:37,OpenTP,51.5,354.87,32.4,16.7,27.7,21.9,0.0,0.0,0.0,6.2
22:22:38,OpenTP,39.0,354.87,33.8,17.2,18.2,13.6,9.1,3.0,0.0,7.8
22:22:39,OpenTP,51.5,354.86,31.8,12.5,21.5,15.6,15.9,1.6,0.0,9.2
22:22:40,OpenTP,20.3,354.86,26.2,9.4,24.6,15.6,1.6,1.6,0.0,4.8
22:22:41,OpenTP,53.1,354.86,30.3,9.4,29.7,10.9,6.2,3.1,0.0,4.7
22:22:42,OpenTP,28.1,354.86,16.9,9.4,23.4,10.9,9.2,1.6,0.0,6.2
22:22:43,OpenTP,18.7,354.86,43.3,23.1,28.1,23.4,12.7,1.6,0.0,6.2
22:22:44,OpenTP,39.0,354.86,41.4,10.8,29.2,24.6,9.2,9.2,0.0,7.8
22:22:45,OpenTP,62.2,354.86,32.4,18.8,24.6,16.9,7.8,0.0,0.0,4.6
22:22:46,OpenTP,18.7,347.6,22.9,1.6,15.4,9.4,9.4,4.6,0.0,6.2
22:22:47,OpenTP,64.0,354.86,33.3,16.9,32.3,14.1,9.2,6.2,0.0,9.2
22:22:48,OpenTP,35.9,354.86,23.1,7.8,17.5,3.2,3.1,0.0,0.0,6.5
22:22:49,OpenTP,48.4,354.86,24.6,21.5,24.6,9.2,0.0,0.0,0.0,4.7
22:22:50,OpenTP,40.6,354.86,27.3,10.8,27.7,15.4,0.0,0.0,0.0,6.2
22:22:51,OpenTP,76.5,352.89,50.7,18.8,28.1,21.9,7.8,1.6,0.0,6.2
22:22:52,OpenTP,48.4,354.86,38.2,11.1,28.1,17.5,9.0,4.5,0.0,7.8
22:22:53,OpenTP,43.7,347.6,21.2,7.7,18.5,6.2,1.6,0.0,0.0,7.8
22:22:54,OpenTP,76.5,354.86,29.2,12.5,25.0,9.4,12.3,1.5,0.0,6.2
22:22:55,OpenTP,74.9,354.86,61.1,26.2,42.4,32.8,10.9,10.9,1.5,10.6
22:22:56,OpenTP,82.7,354.86,68.2,57.6,78.1,62.7,73.8,61.5,53.8,62.5
22:22:57,OpenTP,49.9,354.86,45.7,25.0,53.0,36.9,31.2,23.1,9.5,22.2
22:22:58,OpenTP,23.4,347.6,33.8,10.9,20.3,17.2,15.9,6.3,0.0,6.2
22:22:59,OpenTP,73.3,354.86,46.2,27.3,43.1,25.0,12.3,1.5,0.0,6.2
22:23:00,OpenTP,56.2,354.86,28.8,12.5,26.2,12.5,9.4,1.6,0.0,7.7
22:23:01,OpenTP,62.4,354.86,26.2,4.6,21.5,6.2,7.7,0.0,0.0,4.8
22:23:02,OpenTP,67.1,354.86,27.3,3.2,29.7,12.3,12.5,6.2,0.0,7.8
22:23:03,OpenTP,68.7,354.86,50.0,23.1,29.7,34.8,1.6,0.0,0.0,6.2
22:23:04,OpenTP,60.9,354.86,30.9,10.8,21.9,12.5,14.1,3.2,0.0,7.8
22:23:05,OpenTP,70.3,354.86,43.9,15.4,32.8,21.5,14.1,6.2,0.0,7.8
22:23:06,OpenTP,65.6,354.86,45.5,34.4,47.7,33.8,0.0,0.0,0.0,7.8
22:23:07,OpenTP,59.3,354.86,29.9,10.8,29.7,15.4,12.7,7.9,0.0,6.2
22:23:08,OpenTP,68.7,354.86,30.3,12.5,32.8,9.4,1.5,0.0,0.0,9.2
22:23:09,OpenTP,68.7,354.86,43.5,9.4,30.3,17.2,9.5,0.0,0.0,9.2
22:23:10,OpenTP,70.2,354.86,54.4,21.9,36.9,26.2,13.8,4.6,0.0,6.3
22:23:11,OpenTP,42.1,354.86,20.0,6.2,17.2,9.4,4.7,1.6,0.0,9.1
22:23:12,OpenTP,35.9,354.86,27.9,3.1,14.1,10.9,7.8,0.0,0.0,6.2
22:23:13,OpenTP,40.6,354.86,27.7,15.6,27.7,7.8,4.8,1.6,0.0,7.9
22:23:14,OpenTP,43.7,354.86,26.5,6.2,20.0,9.2,9.1,3.1,0.0,9.4
22:23:15,OpenTP,46.8,354.86,25.8,14.1,27.3,11.1,3.2,1.6,0.0,7.8
22:23:16,OpenTP,46.8,354.86,44.6,16.7,33.8,18.2,16.7,7.6,0.0,6.2
22:23:17,OpenTP,29.7,354.86,23.9,12.5,20.3,18.8,7.9,4.8,0.0,6.2
22:23:18,OpenTP,43.7,354.86,31.3,15.6,18.8,7.9,0.0,0.0,0.0,4.8
22:23:19,OpenTP,60.9,354.86,41.2,12.3,20.3,7.7,3.1,1.6,0.0,7.8
22:23:20,OpenTP,70.2,354.86,35.4,15.6,21.9,17.2,0.0,0.0,0.0,4.7
22:23:21,OpenTP,65.6,354.86,27.3,15.6,25.0,14.1,9.2,1.5,3.1,6.2
22:23:22,OpenTP,59.3,354.86,44.1,6.2,25.8,17.2,14.1,7.9,0.0,7.8
22:23:23,OpenTP,53.1,354.86,26.9,6.2,29.9,10.9,11.1,1.6,0.0,9.2
22:23:24,OpenTP,62.4,354.86,39.7,20.3,40.9,13.8,10.8,7.7,0.0,9.5
22:23:25,OpenTP,57.8,351.99,27.7,9.4,25.0,12.1,4.6,0.0,0.0,9.2
22:23:26,OpenTP,71.8,354.83,33.3,9.4,23.4,10.9,17.2,4.6,0.0,6.2
22:23:27,OpenTP,71.8,354.83,50.0,1.6,23.4,3.1,17.5,0.0,0.0,9.2
22:23:28,OpenTP,57.8,354.83,41.2,20.3,18.8,4.7,7.7,4.6,0.0,6.2
22:23:29,OpenTP,67.1,354.83,26.6,15.6,23.4,9.4,9.4,1.6,0.0,9.2
22:23:30,OpenTP,54.6,354.83,27.9,6.2,25.4,7.7,28.8,4.8,0.0,6.5
22:23:31,OpenTP,23.4,354.83,26.5,9.4,24.6,7.9,1.5,1.5,0.0,6.2
22:23:32,OpenTP,40.6,354.83,26.5,7.8,28.1,12.5,3.2,1.5,0.0,6.2
22:23:33,OpenTP,68.7,354.83,44.8,13.8,55.4,39.4,13.6,6.2,0.0,9.1
22:23:34,OpenTP,32.8,354.83,27.3,9.4,10.9,9.4,0.0,0.0,0.0,6.5
22:23:35,OpenTP,43.7,354.83,26.2,12.5,18.5,11.1,3.1,3.1,0.0,7.7
22:23:36,OpenTP,65.6,354.83,34.3,17.2,36.9,12.3,0.0,0.0,0.0,6.3
22:23:37,OpenTP,49.9,354.83,28.8,12.5,26.2,7.8,4.7,1.6,0.0,4.6
22:23:38,OpenTP,26.5,354.83,34.8,10.9,28.4,9.2,6.2,4.5,0.0,6.3
22:23:39,OpenTP,51.5,354.68,20.0,7.8,18.8,4.7,13.8,6.2,0.0,9.2
22:23:40,OpenTP,43.7,354.84,10.9,12.5,27.7,9.4,1.6,1.6,0.0,7.8
22:23:41,OpenTP,26.5,354.84,21.2,9.4,14.1,9.4,0.0,0.0,0.0,6.2
22:23:42,OpenTP,51.5,349.83,31.8,6.2,24.6,7.8,6.2,1.5,0.0,6.2
22:23:43,OpenTP,68.7,354.84,28.8,14.1,29.7,12.5,11.1,0.0,0.0,6.3
22:23:44,OpenTP,46.8,354.84,34.3,21.5,31.8,12.3,0.0,0.0,0.0,6.2
22:23:45,OpenTP,45.3,347.57,45.7,21.9,36.9,21.9,6.1,6.1,0.0,7.8
22:23:46,OpenTP,45.3,354.84,33.3,9.5,21.5,10.9,1.6,3.2,0.0,7.7
22:23:47,OpenTP,57.8,354.84,33.3,13.8,17.2,9.4,4.8,4.7,0.0,7.9
22:23:48,OpenTP,67.1,353.62,38.2,18.2,35.4,10.8,27.7,10.6,0.0,9.2
22:23:49,OpenTP,59.3,354.84,35.4,18.8,35.9,15.6,10.8,10.8,0.0,9.4
22:23:50,OpenTP,59.3,354.84,38.5,17.2,33.8,9.2,14.1,6.2,0.0,6.3
22:23:51,OpenTP,40.6,354.84,39.7,14.1,32.8,12.5,8.1,6.5,0.0,7.8
22:23:52,OpenTP,51.5,354.84,47.8,14.1,43.8,29.7,12.1,7.6,0.0,4.6
22:23:53,OpenTP,45.2,354.87,37.3,17.2,50.0,33.8,39.4,30.8,9.2,18.5
22:23:54,OpenTP,64.0,354.9,51.5,50.0,70.3,76.6,73.8,73.4,71.9,67.2
22:23:55,OpenTP,67.1,353.74,59.7,52.3,80.6,64.6,73.4,63.6,64.1,57.8
22:23:56,OpenTP,73.3,354.9,71.0,48.5,75.0,57.8,60.6,64.6,70.1,62.5
22:23:57,OpenTP,67.0,354.9,91.5,89.9,95.7,82.4,89.6,92.4,92.8,89.4
22:23:58,OpenTP,54.8,355.08,97.3,92.2,96.9,90.8,94.0,92.5,93.8,92.4
22:23:59,OpenTP,95.1,355.1,97.0,90.8,87.5,92.3,85.9,84.4,85.1,77.3
22:24:00,OpenTP,59.3,355.1,82.9,60.6,74.2,61.5,41.5,49.2,54.5,46.2
22:24:01,OpenTP,62.4,355.1,80.9,75.0,68.8,75.4,58.5,60.9,60.9,53.8
22:24:02,OpenTP,70.2,355.1,81.2,84.4,82.8,68.8,75.8,70.3,73.8,48.4
22:24:03,OpenTP,60.9,355.1,64.2,58.5,56.2,54.0,48.4,27.0,43.8,20.6
22:24:04,OpenTP,40.6,355.1,49.2,32.8,56.1,36.9,26.9,13.8,0.0,0.0
22:24:05,OpenTP,14.0,355.1,30.3,26.6,36.9,21.9,29.2,25.0,0.0,6.3
22:24:06,OpenTP,43.7,355.1,42.4,18.5,27.7,23.4,26.9,10.9,0.0,6.2
22:24:07,OpenTP,49.9,349.66,30.3,12.5,15.6,7.8,20.3,9.4,0.0,10.8
22:24:08,OpenTP,59.3,355.1,31.8,7.8,26.6,9.4,32.3,0.0,0.0,6.2
22:24:09,OpenTP,42.1,355.1,53.6,30.3,31.2,14.1,11.9,3.1,0.0,6.2
22:24:10,OpenTP,68.6,355.1,42.0,35.4,38.5,12.5,32.8,7.8,7.7,7.7
22:24:11,OpenTP,53.1,355.1,23.1,13.8,24.6,12.5,10.9,1.6,0.0,7.8
22:24:12,OpenTP,51.5,355.1,33.3,17.2,21.9,10.9,1.6,1.6,1.6,7.9
22:24:13,OpenTP,48.4,355.1,24.6,18.2,21.5,9.2,9.2,1.6,0.0,12.5
22:24:14,OpenTP,60.9,355.1,42.4,17.5,20.3,6.3,6.2,1.5,0.0,7.8
22:24:15,OpenTP,60.9,355.1,50.0,29.7,41.3,20.3,12.5,9.4,0.0,7.7
22:24:16,OpenTP,45.3,355.1,29.9,17.2,14.3,10.9,7.8,6.2,0.0,9.5
22:24:17,OpenTP,17.2,355.1,16.9,0.0,18.2,6.0,3.1,0.0,0.0,6.2
22:24:18,OpenTP,34.3,347.84,19.4,12.5,24.6,7.8,7.8,3.1,0.0,6.2
22:24:19,OpenTP,34.3,347.84,17.2,12.5,17.2,15.6,1.5,6.2,0.0,6.3
22:24:20,OpenTP,35.9,347.84,15.4,10.9,20.0,9.4,1.6,0.0,0.0,7.7
22:24:21,OpenTP,31.2,347.84,20.0,10.9,24.6,14.1,0.0,0.0,0.0,6.2
22:24:22,OpenTP,10.9,347.84,26.9,15.2,21.9,10.9,0.0,0.0,0.0,6.2
22:24:23,OpenTP,20.3,347.84,33.8,32.3,29.7,29.7,31.2,29.2,7.8,12.5
22:24:24,OpenTP,26.5,347.84,46.4,36.4,40.6,41.5,39.1,28.6,21.9,28.6
22:24:25,OpenTP,7.8,342.4,26.4,1.5,9.2,16.9,0.0,0.0,0.0,7.8
22:24:26,OpenTP,28.1,342.4,27.7,11.1,7.8,3.2,3.1,1.6,0.0,4.7
22:24:27,OpenTP,26.5,342.4,29.9,10.8,17.2,6.2,0.0,0.0,0.0,7.8
22:24:28,OpenTP,54.6,355.1,31.8,14.1,26.6,9.5,7.7,1.5,0.0,7.8
22:24:29,OpenTP,49.9,355.1,26.2,7.8,29.7,19.7,4.6,6.2,0.0,7.8
22:24:30,OpenTP,51.5,355.1,34.8,9.4,27.3,9.5,7.8,1.6,0.0,10.8
22:24:31,OpenTP,68.7,353.83,36.4,7.8,20.3,10.8,12.7,3.1,0.0,9.4
22:24:32,OpenTP,64.0,355.11,29.9,18.8,30.8,31.8,0.0,0.0,0.0,6.2
22:24:33,OpenTP,37.5,355.11,24.2,10.9,17.2,12.5,4.5,0.0,0.0,6.2
22:24:34,OpenTP,81.1,355.11,40.9,14.1,50.0,26.2,56.9,32.3,53.7,37.9
22:24:35,OpenTP,54.6,355.11,47.8,32.8,42.2,26.6,48.5,32.8,43.1,23.4
22:24:36,OpenTP,62.5,355.11,31.3,7.8,33.8,26.6,3.2,0.0,1.6,6.3
22:24:37,OpenTP,59.3,355.11,53.6,15.6,38.5,18.8,25.8,10.9,0.0,7.8
22:24:38,OpenTP,59.3,355.11,34.3,12.5,32.8,15.6,10.9,0.0,0.0,7.8
22:24:39,OpenTP,15.6,355.11,26.5,4.7,7.7,3.1,10.9,0.0,0.0,7.8
22:24:40,OpenTP,37.4,355.11,21.2,10.8,14.3,4.8,10.9,4.6,0.0,7.8
22:24:41,OpenTP,43.7,347.84,44.3,14.1,30.3,12.3,3.1,1.6,0.0,10.9
22:24:42,OpenTP,56.2,355.11,34.3,9.2,22.4,19.4,1.5,0.0,0.0,7.7
22:24:43,OpenTP,32.8,355.11,19.4,7.8,17.2,6.3,8.1,0.0,0.0,7.8
22:24:44,OpenTP,62.4,355.11,34.3,7.8,31.8,13.8,4.6,1.5,0.0,7.9
22:24:45,OpenTP,37.4,355.11,37.1,20.0,32.3,23.4,4.6,4.6,0.0,7.7
22:24:46,OpenTP,26.5,355.11,28.4,6.2,15.6,6.3,9.4,0.0,0.0,10.9
22:24:47,OpenTP,26.5,354.74,16.9,6.2,9.4,9.2,12.7,3.2,0.0,7.9
22:24:48,OpenTP,56.2,355.11,29.2,10.9,26.6,6.2,0.0,0.0,0.0,10.6
22:24:49,OpenTP,60.9,355.11,45.8,7.8,35.4,9.4,7.6,1.5,0.0,6.2
22:24:50,OpenTP,63.9,351.57,34.3,6.2,31.2,12.3,12.7,3.2,0.0,7.9
22:24:51,OpenTP,51.5,355.11,35.8,10.8,34.3,16.9,9.1,4.6,0.0,9.4
22:24:52,OpenTP,53.1,355.11,13.6,9.2,20.0,10.9,21.2,9.2,0.0,7.8
22:24:53,OpenTP,39.0,355.11,20.9,7.8,21.9,4.6,6.3,1.6,0.0,10.9
22:24:54,OpenTP,49.9,355.11,41.4,12.7,28.1,20.3,3.1,4.6,0.0,6.2
22:24:55,OpenTP,56.2,355.11,34.8,12.3,25.0,7.7,7.9,3.2,0.0,9.4
22:24:56,OpenTP,64.0,355.11,34.3,10.8,34.4,6.2,3.1,3.1,1.6,7.7
22:24:57,OpenTP,70.2,355.11,24.2,16.9,34.8,18.2,7.7,0.0,0.0,7.9
22:24:59,OpenTP,48.4,347.84,35.7,10.9,28.1,10.9,10.9,1.6,0.0,7.7
22:25:00,OpenTP,48.4,355.11,32.4,17.2,26.6,4.7,0.0,0.0,0.0,9.5
22:25:01,OpenTP,43.7,355.11,38.6,4.7,26.6,9.4,12.7,3.2,3.0,4.7
22:25:02,OpenTP,62.4,355.11,46.5,15.4,18.8,10.9,9.4,3.1,0.0,7.7
22:25:03,OpenTP,68.7,355.1,32.4,21.9,33.3,10.9,7.8,6.2,0.0,7.9
22:25:04,OpenTP,45.3,355.1,31.3,18.2,21.9,12.5,4.5,3.1,0.0,7.7
22:25:05,OpenTP,67.1,355.1,26.2,7.7,26.6,3.1,18.8,6.2,0.0,6.2
22:25:06,OpenTP,68.7,355.1,36.2,15.6,21.9,13.8,7.9,1.6,0.0,7.9
22:25:07,OpenTP,67.1,355.1,31.3,9.4,28.1,9.2,15.6,0.0,0.0,10.9
22:25:08,OpenTP,68.7,351.71,52.2,31.8,43.1,26.6,10.8,3.1,0.0,7.8
22:25:09,OpenTP,31.2,347.89,14.1,23.4,23.4,15.4,1.6,0.0,0.0,6.2
22:25:10,OpenTP,28.1,355.15,45.1,20.3,26.6,14.1,0.0,0.0,0.0,6.2
22:25:11,OpenTP,39.0,355.15,48.6,17.2,25.0,18.5,1.6,0.0,0.0,7.8
22:25:12,OpenTP,56.2,355.15,35.8,6.2,32.3,20.3,6.2,3.2,0.0,7.8
22:25:13,OpenTP,50.0,355.15,33.3,15.6,23.4,17.2,1.5,0.0,0.0,9.4
22:25:14,OpenTP,18.7,347.89,20.6,3.1,21.2,4.7,4.8,0.0,0.0,6.2
22:25:15,OpenTP,31.2,355.15,24.6,17.2,29.7,6.2,6.2,4.7,7.8,7.8
22:25:16,OpenTP,73.4,353.92,42.4,9.4,22.7,6.2,20.0,1.5,0.0,6.2
22:25:17,OpenTP,68.7,355.15,42.9,21.9,24.6,17.2,6.3,0.0,0.0,6.2
22:25:18,OpenTP,31.2,355.15,26.1,15.6,15.6,7.8,6.2,0.0,0.0,4.6
22:25:19,OpenTP,62.4,355.15,34.3,18.5,30.8,15.6,19.4,1.6,0.0,6.5
22:25:20,OpenTP,35.9,355.14,24.6,9.4,21.9,12.3,13.6,6.2,0.0,6.2
22:25:21,OpenTP,40.6,355.14,23.4,9.4,12.5,6.2,0.0,0.0,0.0,7.8
22:25:22,OpenTP,26.5,355.14,13.8,6.2,10.9,6.2,0.0,0.0,0.0,7.8
22:25:23,OpenTP,45.3,355.14,30.9,12.5,18.5,6.2,6.2,1.6,0.0,9.4
22:25:24,OpenTP,43.7,355.14,22.4,4.6,23.4,7.7,9.4,3.1,0.0,6.2
22:25:25,OpenTP,71.8,355.14,23.9,17.2,21.9,25.0,10.8,1.6,0.0,6.2
22:25:26,OpenTP,65.6,355.14,44.3,9.1,23.4,12.3,13.8,1.5,0.0,7.7
22:25:27,OpenTP,65.5,355.14,33.3,4.7,23.4,13.8,12.9,1.6,0.0,6.3
22:25:28,OpenTP,21.9,355.14,15.2,4.8,15.6,9.4,1.5,1.5,0.0,6.2
22:25:29,OpenTP,67.1,355.14,41.8,7.8,26.6,15.2,6.2,1.5,0.0,7.7
22:25:30,OpenTP,53.1,355.14,36.8,23.5,28.4,31.2,6.2,6.2,0.0,4.6
22:25:31,OpenTP,43.7,355.14,24.2,1.6,21.9,9.4,9.5,3.1,0.0,7.9
22:25:32,OpenTP,57.8,353.1,23.1,6.2,23.1,6.2,14.1,9.4,4.7,12.5
22:25:33,OpenTP,45.3,355.14,40.6,14.1,20.6,11.1,9.2,1.6,0.0,7.8
22:25:34,OpenTP,29.7,355.14,10.8,10.9,6.2,3.1,7.8,1.6,0.0,6.2
22:25:35,OpenTP,60.9,355.14,18.5,17.2,21.9,14.1,1.6,0.0,0.0,10.9
22:25:36,OpenTP,76.5,355.14,33.8,7.8,40.0,6.2,20.3,3.1,0.0,7.8
22:25:37,OpenTP,46.8,355.14,25.0,7.8,20.3,3.1,0.0,0.0,0.0,7.8
22:25:38,OpenTP,29.6,351.94,41.1,21.5,27.3,18.2,0.0,0.0,0.0,6.2
22:25:39,OpenTP,53.0,355.14,23.9,15.6,28.8,17.5,3.1,0.0,0.0,10.8
22:25:40,OpenTP,35.9,355.14,21.2,9.5,15.4,7.8,6.2,4.6,0.0,6.2
