Timestamp,Software,CPU_Total_Pct,RAM_Total_MB,Core_0_Pct,Core_1_Pct,Core_2_Pct,Core_3_Pct,Core_4_Pct,Core_5_Pct,Core_6_Pct,Core_7_Pct,Core_8_Pct,Core_9_Pct,Core_10_Pct,Core_11_Pct
22:07:58,ROBOGUIDE,27.3,526.78,51.5,9.2,35.3,4.6,52.3,1.5,41.8,1.5,37.3,19.7,15.2,10.8
22:07:59,ROBOGUIDE,29.0,526.8,32.4,12.1,36.4,12.1,57.4,15.2,40.9,6.1,60.0,56.1,43.5,35.8
22:08:00,ROBOGUIDE,33.6,526.98,44.1,20.0,40.3,13.8,53.0,9.2,57.6,4.6,61.8,35.4,30.8,30.3
22:08:01,ROBOGUIDE,33.5,526.98,39.1,0.0,41.2,0.0,3.0,47.1,41.8,0.0,3.1,36.2,13.6,3.0
22:08:03,ROBOGUIDE,31.8,526.98,47.8,1.5,43.3,3.0,7.6,53.0,50.0,3.0,6.1,35.3,22.7,17.6
22:08:04,ROBOGUIDE,18.1,526.98,39.1,0.0,43.9,4.5,3.0,29.4,23.9,1.5,4.5,7.5,10.4,7.6
22:08:05,ROBOGUIDE,34.7,526.98,43.8,0.0,27.9,0.0,1.5,38.8,48.5,2.9,25.0,31.8,32.8,23.9
22:08:06,ROBOGUIDE,82.6,523.11,47.1,0.0,46.3,4.5,3.0,30.3,47.1,1.5,36.4,44.8,40.3,36.8
22:08:07,ROBOGUIDE,28.5,523.14,33.3,8.7,16.7,3.0,3.0,31.3,43.3,4.4,24.6,58.6,50.0,53.0
22:08:08,ROBOGUIDE,67.5,523.31,30.9,0.0,25.4,0.0,0.0,31.9,53.7,0.0,9.0,38.2,32.4,17.9
22:08:09,ROBOGUIDE,40.0,526.8,29.0,0.0,35.8,0.0,0.0,32.4,47.1,0.0,1.5,29.9,10.4,4.5
22:08:10,ROBOGUIDE,40.3,527.3,33.3,1.5,38.2,1.5,0.0,19.4,48.5,2.9,3.0,19.4,11.8,10.4
22:08:11,ROBOGUIDE,44.9,528.33,43.8,0.0,28.6,2.9,2.9,41.4,49.3,0.0,7.2,22.5,8.6,8.6
22:08:12,ROBOGUIDE,38.6,528.81,31.0,0.0,34.3,0.0,0.0,16.2,33.8,0.0,7.5,28.4,20.9,6.1
22:08:13,ROBOGUIDE,32.9,528.9,26.5,1.5,22.7,1.5,6.0,14.5,41.8,1.5,7.5,44.8,25.0,13.2
22:08:14,ROBOGUIDE,55.2,529.09,32.4,0.0,52.2,0.0,0.0,28.4,40.9,0.0,3.0,37.3,23.9,13.4
22:08:15,ROBOGUIDE,47.7,529.17,25.0,0.0,47.8,1.5,0.0,37.3,39.1,0.0,0.0,34.3,17.9,4.5
22:08:16,ROBOGUIDE,22.3,529.29,38.2,0.0,38.8,0.0,0.0,22.4,23.9,0.0,3.0,33.8,23.9,10.4
22:08:17,ROBOGUIDE,25.5,529.36,24.2,0.0,22.1,0.0,0.0,41.8,47.0,0.0,4.5,18.2,16.7,6.1
22:08:18,ROBOGUIDE,51.2,529.39,42.9,0.0,38.8,0.0,0.0,35.3,32.8,0.0,4.5,37.1,16.4,9.1
22:08:19,ROBOGUIDE,45.0,529.21,52.9,0.0,14.9,3.0,4.5,36.4,25.8,3.0,3.0,25.4,17.9,7.5
22:08:20,ROBOGUIDE,41.9,529.02,59.2,0.0,41.2,0.0,0.0,41.2,42.0,0.0,0.0,33.8,11.9,3.0
22:08:21,ROBOGUIDE,28.3,529.44,43.7,0.0,33.3,0.0,0.0,24.6,40.3,0.0,1.5,21.4,15.7,4.5
22:08:22,ROBOGUIDE,38.5,529.46,32.4,0.0,38.8,2.9,0.0,33.8,11.6,0.0,2.9,26.9,23.9,20.6
22:08:23,ROBOGUIDE,35.6,529.45,32.9,0.0,23.5,0.0,0.0,35.7,42.0,0.0,4.4,29.0,19.1,5.9
22:08:24,ROBOGUIDE,30.5,529.46,43.9,0.0,10.8,0.0,0.0,35.4,26.2,0.0,1.5,10.8,4.6,3.1
22:08:26,ROBOGUIDE,33.0,529.51,44.3,0.0,33.8,0.0,0.0,47.8,43.7,0.0,3.0,41.2,28.6,10.3
22:08:27,ROBOGUIDE,34.5,528.77,27.5,0.0,16.7,0.0,0.0,36.4,36.4,0.0,0.0,10.6,3.0,7.5
22:08:28,ROBOGUIDE,37.5,528.77,30.9,0.0,10.4,0.0,0.0,35.8,40.3,0.0,4.5,29.4,31.9,13.4
22:08:29,ROBOGUIDE,55.2,529.14,42.0,0.0,38.8,0.0,1.5,30.4,34.8,0.0,14.3,46.5,20.6,27.1
22:08:30,ROBOGUIDE,53.4,533.96,51.5,0.0,26.9,0.0,7.5,42.6,19.1,0.0,1.5,17.4,17.4,6.0
22:08:31,ROBOGUIDE,40.8,533.96,49.3,0.0,28.4,0.0,4.5,24.2,34.3,0.0,1.5,12.3,4.5,7.5
22:08:32,ROBOGUIDE,55.5,533.96,34.3,0.0,44.8,0.0,13.6,1.5,47.0,0.0,1.5,1.5,30.3,10.6
22:08:33,ROBOGUIDE,31.2,533.97,28.8,0.0,42.5,0.0,25.0,2.8,28.2,1.4,84.0,81.7,91.5,87.5
22:08:34,ROBOGUIDE,31.4,533.97,26.4,0.0,52.9,0.0,32.8,2.9,31.3,0.0,9.0,13.4,30.9,26.5
22:08:35,ROBOGUIDE,49.5,533.86,35.3,0.0,35.8,0.0,29.9,0.0,17.9,0.0,11.8,7.5,34.3,24.6
22:08:36,ROBOGUIDE,36.2,533.86,17.9,1.5,37.3,0.0,10.6,0.0,43.9,0.0,10.6,3.0,37.9,10.6
22:08:37,ROBOGUIDE,34.4,533.86,23.2,0.0,44.1,0.0,23.9,0.0,26.1,0.0,10.4,1.5,60.6,38.8
22:08:38,ROBOGUIDE,25.4,533.86,23.5,0.0,30.4,2.9,43.3,0.0,31.3,0.0,1.5,1.5,14.9,17.9
22:08:39,ROBOGUIDE,61.8,533.8,32.8,0.0,37.9,0.0,24.2,1.5,17.9,0.0,23.9,14.7,62.3,70.6
22:08:40,ROBOGUIDE,49.8,533.55,38.8,0.0,32.8,0.0,19.4,0.0,33.8,0.0,13.4,3.0,57.1,59.7
22:08:41,ROBOGUIDE,43.6,533.55,39.1,1.5,39.7,0.0,31.3,0.0,27.3,0.0,1.5,0.0,13.6,12.1
22:08:42,ROBOGUIDE,47.6,533.55,39.7,0.0,38.6,0.0,41.2,0.0,13.2,0.0,5.9,3.0,22.1,11.8
22:08:43,ROBOGUIDE,52.5,534.06,28.8,0.0,31.3,0.0,37.9,0.0,34.8,0.0,4.5,0.0,21.2,21.2
22:08:44,ROBOGUIDE,44.9,534.07,35.3,1.5,45.6,0.0,19.4,1.5,29.4,1.5,4.5,4.5,14.9,9.0
22:08:45,ROBOGUIDE,51.2,534.06,31.3,0.0,44.8,0.0,28.4,0.0,19.7,0.0,0.0,0.0,24.6,17.9
22:08:46,ROBOGUIDE,48.2,534.06,36.6,1.5,43.9,1.5,30.3,2.9,26.9,1.5,11.9,11.6,33.8,28.4
22:08:47,ROBOGUIDE,36.0,534.07,44.9,0.0,41.4,0.0,16.4,0.0,22.4,0.0,0.0,1.5,7.5,11.9
22:08:49,ROBOGUIDE,45.1,533.95,17.9,0.0,52.2,0.0,24.2,0.0,37.9,0.0,1.5,0.0,13.4,13.6
22:08:50,ROBOGUIDE,34.3,533.95,36.2,0.0,33.3,0.0,14.9,0.0,36.8,0.0,1.5,0.0,24.6,13.4
22:08:51,ROBOGUIDE,43.4,533.95,36.8,0.0,34.8,0.0,44.8,0.0,32.4,0.0,0.0,0.0,16.2,13.2
22:08:52,ROBOGUIDE,40.1,533.95,27.9,0.0,54.4,0.0,13.4,0.0,28.4,0.0,0.0,1.5,13.4,11.9
22:08:53,ROBOGUIDE,36.2,534.14,31.3,0.0,52.9,0.0,16.7,0.0,20.9,0.0,0.0,1.5,17.6,17.9
22:08:54,ROBOGUIDE,41.9,534.15,27.5,0.0,62.7,0.0,11.8,0.0,29.4,0.0,2.9,4.4,19.1,13.4
22:08:55,ROBOGUIDE,33.2,534.15,37.9,0.0,15.2,0.0,18.2,0.0,27.3,0.0,7.6,4.5,39.1,30.9
22:08:56,ROBOGUIDE,40.7,534.16,32.8,0.0,49.3,0.0,22.4,0.0,38.8,0.0,9.1,1.5,44.9,24.3
22:08:57,ROBOGUIDE,43.6,534.16,27.9,0.0,27.9,0.0,29.9,0.0,35.8,0.0,1.5,0.0,19.4,13.4
22:08:58,ROBOGUIDE,37.5,534.04,28.4,0.0,44.1,0.0,7.6,0.0,38.8,0.0,1.5,1.5,30.3,13.6
22:08:59,ROBOGUIDE,39.7,534.04,47.8,2.9,38.6,0.0,23.5,0.0,19.1,0.0,10.1,4.4,47.1,27.1
22:09:00,ROBOGUIDE,37.7,534.04,41.2,0.0,30.9,0.0,27.5,0.0,26.9,0.0,7.5,3.0,42.9,25.4
22:09:01,ROBOGUIDE,34.7,533.75,32.4,2.9,51.5,0.0,28.4,0.0,7.6,23.9,4.5,4.4,19.1,25.4
22:09:02,ROBOGUIDE,40.5,533.38,25.8,0.0,61.8,0.0,10.6,0.0,0.0,29.0,3.0,3.0,0.0,27.9
22:09:03,ROBOGUIDE,36.2,533.75,24.3,0.0,36.2,0.0,13.2,1.5,0.0,39.4,1.5,4.4,0.0,31.3
22:09:04,ROBOGUIDE,43.6,533.76,49.3,0.0,40.9,0.0,6.1,0.0,0.0,27.3,19.7,3.0,3.0,44.8
22:09:05,ROBOGUIDE,37.6,533.76,47.1,0.0,39.1,0.0,23.5,0.0,0.0,25.8,5.9,7.5,3.0,14.9
22:09:06,ROBOGUIDE,32.8,533.89,34.8,0.0,47.8,0.0,14.9,0.0,0.0,14.9,4.5,0.0,0.0,32.4
22:09:07,ROBOGUIDE,39.0,533.89,48.5,0.0,19.7,0.0,17.9,0.0,0.0,41.2,1.5,4.5,1.5,25.8
22:09:08,ROBOGUIDE,45.0,533.89,44.9,0.0,47.8,0.0,19.1,0.0,0.0,22.4,20.3,7.5,4.5,48.5
22:09:09,ROBOGUIDE,32.9,533.9,31.0,0.0,31.3,0.0,44.1,0.0,0.0,26.9,14.7,2.9,1.5,22.4
22:09:10,ROBOGUIDE,34.2,533.91,53.5,0.0,52.9,0.0,38.2,0.0,0.0,35.8,13.0,4.5,3.0,32.4
22:09:11,ROBOGUIDE,45.2,533.78,36.8,0.0,44.9,0.0,27.9,0.0,0.0,23.9,10.4,0.0,0.0,26.9
22:09:12,ROBOGUIDE,39.6,533.79,25.8,0.0,41.8,0.0,30.8,0.0,0.0,26.2,9.2,1.5,0.0,25.8
22:09:13,ROBOGUIDE,43.4,533.79,45.6,0.0,52.9,0.0,19.4,0.0,0.0,35.3,19.4,16.2,6.0,46.5
22:09:15,ROBOGUIDE,40.8,533.79,30.3,0.0,26.1,0.0,16.2,0.0,0.0,30.4,4.5,6.1,6.0,26.9
22:09:16,ROBOGUIDE,49.2,533.91,35.7,0.0,38.6,0.0,28.8,0.0,0.0,28.4,20.8,7.2,5.9,47.9
22:09:17,ROBOGUIDE,36.9,533.92,49.3,0.0,39.7,0.0,38.0,0.0,0.0,42.6,9.0,8.8,1.5,37.7
22:09:18,ROBOGUIDE,37.0,533.92,46.5,0.0,40.0,0.0,11.6,0.0,0.0,27.9,11.6,4.4,3.0,32.9
22:09:19,ROBOGUIDE,43.7,533.92,47.8,0.0,47.1,0.0,16.4,0.0,0.0,38.8,1.5,0.0,0.0,13.6
22:09:20,ROBOGUIDE,31.5,533.92,33.3,0.0,46.4,0.0,16.4,0.0,0.0,22.4,7.5,0.0,0.0,26.9
22:09:21,ROBOGUIDE,39.0,533.84,29.0,0.0,49.3,0.0,22.7,2.9,0.0,37.3,1.5,0.0,0.0,16.4
22:09:22,ROBOGUIDE,34.5,533.84,37.1,0.0,41.2,0.0,26.5,0.0,0.0,30.9,8.7,5.9,1.5,30.9
22:09:23,ROBOGUIDE,46.6,533.84,44.8,0.0,25.8,0.0,27.3,0.0,0.0,16.7,12.1,0.0,1.5,31.3
22:09:24,ROBOGUIDE,31.3,535.9,37.1,0.0,34.3,0.0,23.2,0.0,0.0,20.3,5.9,0.0,0.0,26.1
22:09:25,ROBOGUIDE,40.2,537.91,38.2,0.0,37.3,0.0,22.4,0.0,0.0,23.9,1.5,1.5,1.5,17.6
22:09:26,ROBOGUIDE,40.7,537.91,33.3,0.0,26.5,0.0,17.9,0.0,0.0,45.5,1.5,0.0,1.5,28.8
22:09:27,ROBOGUIDE,31.9,537.91,37.3,3.0,36.8,0.0,22.4,0.0,0.0,36.8,6.0,3.0,4.5,22.7
22:09:28,ROBOGUIDE,30.0,537.91,34.8,0.0,40.0,0.0,22.7,0.0,0.0,36.8,3.0,0.0,0.0,17.9
22:09:29,ROBOGUIDE,45.4,537.92,30.3,0.0,36.2,0.0,37.3,0.0,0.0,39.4,1.5,2.9,1.5,13.6
22:09:30,ROBOGUIDE,46.5,537.8,38.8,0.0,34.8,0.0,10.6,0.0,0.0,39.4,1.5,0.0,0.0,16.7
22:09:31,ROBOGUIDE,55.7,537.82,44.1,0.0,42.9,0.0,23.9,0.0,16.4,12.1,34.3,29.0,7.5,20.3
22:09:32,ROBOGUIDE,24.2,537.82,20.3,0.0,41.8,0.0,43.3,0.0,12.1,0.0,4.5,1.5,1.5,3.0
22:09:33,ROBOGUIDE,39.0,537.82,36.2,0.0,26.5,0.0,53.7,0.0,16.7,0.0,9.1,9.1,1.5,3.0
22:09:34,ROBOGUIDE,36.2,537.83,43.7,3.0,47.0,0.0,20.3,0.0,10.6,0.0,1.5,9.0,3.0,9.1
22:09:35,ROBOGUIDE,54.1,537.95,50.7,0.0,39.7,0.0,35.8,0.0,37.3,0.0,32.4,16.7,4.4,10.4
22:09:36,ROBOGUIDE,50.7,537.95,41.8,0.0,54.3,0.0,30.9,0.0,19.4,0.0,16.4,9.0,6.0,1.5
22:09:37,ROBOGUIDE,60.0,537.95,32.8,0.0,45.7,0.0,29.9,0.0,22.4,0.0,33.8,26.5,23.2,4.5
22:09:38,ROBOGUIDE,63.2,537.96,47.1,0.0,48.5,0.0,51.4,0.0,16.7,0.0,44.1,35.7,10.4,15.2
22:09:40,ROBOGUIDE,51.3,537.81,33.8,0.0,41.2,0.0,35.8,0.0,10.4,0.0,12.1,0.0,0.0,9.0
22:09:41,ROBOGUIDE,45.3,537.81,32.4,0.0,27.5,0.0,48.5,0.0,29.9,0.0,14.9,3.0,3.0,6.1
22:09:42,ROBOGUIDE,37.7,537.81,25.4,0.0,37.3,0.0,42.4,0.0,12.1,0.0,25.4,7.5,10.4,1.5
22:09:43,ROBOGUIDE,38.5,537.82,33.3,0.0,35.2,0.0,27.5,0.0,32.4,0.0,23.2,22.1,10.1,13.0
22:09:44,ROBOGUIDE,41.5,537.82,20.9,0.0,53.6,0.0,42.0,0.0,23.5,0.0,11.8,3.0,3.0,11.8
22:09:45,ROBOGUIDE,44.7,537.94,27.5,0.0,47.8,0.0,27.9,0.0,20.9,0.0,11.9,3.0,7.5,4.5
22:09:46,ROBOGUIDE,28.4,537.94,34.8,0.0,46.4,2.9,26.5,0.0,19.4,0.0,14.7,11.4,3.0,6.0
22:09:47,ROBOGUIDE,46.8,537.95,55.1,0.0,35.8,0.0,26.5,0.0,13.4,0.0,27.5,8.8,6.0,7.5
22:09:48,ROBOGUIDE,43.6,537.95,29.4,0.0,23.9,0.0,34.8,0.0,43.9,0.0,9.1,9.1,1.5,1.5
22:09:49,ROBOGUIDE,36.3,537.95,25.4,0.0,36.4,0.0,34.3,0.0,28.4,0.0,19.1,4.5,3.0,1.5
22:09:50,ROBOGUIDE,49.7,537.82,34.3,0.0,33.8,0.0,34.8,0.0,30.3,0.0,36.8,17.4,16.2,14.9
22:09:51,ROBOGUIDE,52.5,537.82,41.2,0.0,28.4,0.0,24.6,0.0,23.9,0.0,57.7,38.2,19.7,15.9
22:09:52,ROBOGUIDE,37.3,537.83,38.2,0.0,27.5,0.0,29.4,0.0,22.4,0.0,17.9,9.0,0.0,10.3
22:09:53,ROBOGUIDE,34.4,537.83,20.6,0.0,29.4,0.0,51.5,0.0,14.9,0.0,9.0,6.0,0.0,1.5
22:09:54,ROBOGUIDE,28.5,537.96,29.4,0.0,23.9,0.0,26.9,0.0,37.3,0.0,24.3,6.0,4.5,7.5
22:09:55,ROBOGUIDE,52.3,538.02,41.4,0.0,34.3,0.0,39.7,0.0,28.4,0.0,33.3,20.3,7.2,6.0
22:09:56,ROBOGUIDE,34.6,538.02,28.8,0.0,37.3,0.0,34.8,0.0,16.7,0.0,1.5,7.6,0.0,4.5
22:09:57,ROBOGUIDE,39.2,538.02,41.8,1.5,34.3,0.0,38.6,0.0,16.7,0.0,4.5,8.8,3.0,6.0
22:09:58,ROBOGUIDE,60.5,537.9,26.9,4.5,28.8,0.0,30.3,0.0,41.8,0.0,20.3,13.2,4.5,11.9
22:09:59,ROBOGUIDE,48.0,537.91,33.8,0.0,35.3,0.0,13.6,0.0,32.8,1.5,22.7,8.8,8.8,11.8
22:10:00,ROBOGUIDE,43.1,537.91,39.4,0.0,40.6,0.0,27.9,0.0,17.9,0.0,30.4,14.7,5.9,9.0
22:10:01,ROBOGUIDE,49.1,537.91,6.0,26.1,47.8,0.0,29.9,0.0,22.4,0.0,3.0,14.9,6.0,10.4
22:10:02,ROBOGUIDE,46.2,537.91,0.0,50.7,40.3,0.0,22.1,0.0,28.6,0.0,3.0,23.5,18.8,9.0
22:10:04,ROBOGUIDE,51.2,538.1,0.0,43.3,33.3,0.0,37.9,0.0,14.7,0.0,0.0,24.6,13.2,12.1
22:10:05,ROBOGUIDE,40.8,538.1,0.0,26.9,41.8,0.0,22.4,0.0,28.8,0.0,0.0,13.6,6.1,7.5
22:10:06,ROBOGUIDE,37.8,538.1,0.0,29.9,37.3,0.0,41.8,0.0,16.4,0.0,1.5,7.6,10.6,7.5
22:10:07,ROBOGUIDE,45.0,538.11,0.0,36.8,38.8,0.0,30.9,0.0,23.9,0.0,1.5,29.4,16.7,4.5
22:10:08,ROBOGUIDE,39.2,537.98,0.0,48.5,31.9,0.0,16.4,0.0,19.7,0.0,0.0,13.4,10.3,10.6
22:10:09,ROBOGUIDE,40.2,537.98,0.0,25.7,43.5,0.0,13.4,0.0,29.9,0.0,4.4,24.6,11.8,10.4
22:10:10,ROBOGUIDE,32.7,537.98,0.0,48.6,28.2,0.0,46.3,0.0,14.9,0.0,0.0,25.0,7.4,7.4
22:10:11,ROBOGUIDE,53.6,540.05,0.0,44.1,29.4,0.0,30.9,0.0,19.4,0.0,3.0,29.9,16.4,9.0
22:10:12,ROBOGUIDE,44.1,542.25,0.0,34.3,50.8,0.0,32.8,0.0,22.7,1.5,0.0,11.9,9.1,1.5
22:10:13,ROBOGUIDE,48.0,542.34,0.0,27.9,26.1,0.0,41.8,0.0,42.6,0.0,3.0,38.4,23.5,19.1
22:10:14,ROBOGUIDE,46.7,542.34,0.0,25.4,44.1,0.0,19.4,0.0,14.9,0.0,0.0,15.2,14.7,13.6
22:10:15,ROBOGUIDE,48.3,542.34,0.0,38.2,47.8,0.0,34.3,0.0,11.9,0.0,0.0,27.5,11.8,8.8
22:10:16,ROBOGUIDE,34.7,542.35,0.0,50.0,29.4,0.0,19.4,0.0,15.2,0.0,0.0,15.2,3.0,4.5
22:10:17,ROBOGUIDE,50.7,542.22,0.0,57.1,19.4,0.0,22.4,0.0,11.8,0.0,0.0,22.4,6.0,9.0
22:10:18,ROBOGUIDE,34.7,542.31,0.0,31.3,56.5,0.0,28.8,0.0,13.6,0.0,0.0,22.1,9.1,3.0
22:10:19,ROBOGUIDE,40.2,542.37,1.5,30.4,35.8,0.0,26.9,0.0,50.7,0.0,0.0,31.4,19.1,7.5
22:10:20,ROBOGUIDE,38.8,542.38,0.0,29.9,37.3,0.0,35.3,0.0,17.9,0.0,3.0,25.7,14.7,10.4
22:10:21,ROBOGUIDE,42.2,542.38,0.0,42.0,47.1,0.0,25.0,0.0,24.6,0.0,6.1,45.8,22.1,20.3
22:10:22,ROBOGUIDE,40.2,542.5,0.0,34.3,25.0,0.0,20.9,0.0,19.1,0.0,2.9,13.4,13.4,13.4
22:10:23,ROBOGUIDE,49.3,542.5,0.0,23.2,28.4,0.0,46.3,0.0,25.4,0.0,0.0,10.4,11.9,14.9
22:10:24,ROBOGUIDE,40.5,542.5,0.0,38.8,18.8,0.0,28.4,0.0,25.8,0.0,4.5,26.5,20.9,4.5
22:10:25,ROBOGUIDE,31.7,542.51,0.0,34.8,47.1,0.0,35.8,0.0,13.4,0.0,1.5,11.9,11.8,14.9
22:10:26,ROBOGUIDE,33.3,542.38,1.5,53.7,34.8,0.0,28.8,0.0,16.4,0.0,0.0,40.8,19.7,7.6
22:10:27,ROBOGUIDE,37.5,542.38,0.0,28.4,20.9,0.0,32.8,0.0,9.0,0.0,0.0,23.2,4.5,11.9
22:10:28,ROBOGUIDE,34.3,542.38,0.0,38.2,46.3,0.0,28.4,0.0,22.1,0.0,4.4,31.5,17.6,14.7
22:10:30,ROBOGUIDE,42.1,542.39,0.0,39.7,43.5,0.0,32.8,0.0,24.2,0.0,0.0,23.5,7.4,4.5
22:10:31,ROBOGUIDE,35.6,542.39,0.0,19.4,50.0,0.0,23.9,0.0,22.4,2.9,0.0,10.3,13.4,6.0
22:10:32,ROBOGUIDE,39.0,542.45,22.1,0.0,42.6,0.0,50.0,0.0,19.4,0.0,5.9,3.0,34.8,10.4
22:10:33,ROBOGUIDE,40.7,542.41,19.1,0.0,35.2,0.0,19.4,0.0,44.8,0.0,0.0,0.0,22.1,16.7
22:10:34,ROBOGUIDE,48.9,542.43,29.9,0.0,29.4,0.0,21.2,0.0,47.0,0.0,0.0,1.5,22.4,15.2
22:10:35,ROBOGUIDE,47.7,542.48,28.4,0.0,44.9,0.0,32.4,0.0,26.5,0.0,1.5,0.0,11.9,14.9
22:10:36,ROBOGUIDE,35.9,542.48,19.1,0.0,44.1,0.0,29.9,3.0,36.8,0.0,0.0,0.0,20.9,9.0
22:10:37,ROBOGUIDE,37.5,542.39,29.9,0.0,32.4,0.0,18.2,0.0,55.2,0.0,1.5,1.5,29.6,13.6
22:10:38,ROBOGUIDE,45.1,542.41,22.4,0.0,44.1,0.0,11.9,0.0,32.8,0.0,3.0,1.5,25.4,26.9
22:10:39,ROBOGUIDE,37.9,542.41,25.4,0.0,44.8,0.0,15.2,0.0,30.3,0.0,0.0,0.0,12.1,10.6
22:10:40,ROBOGUIDE,40.8,542.41,34.3,0.0,30.3,0.0,19.7,0.0,27.3,0.0,1.5,0.0,12.1,19.7
22:10:41,ROBOGUIDE,43.6,542.54,19.4,0.0,40.0,0.0,34.8,0.0,52.2,0.0,14.5,1.5,17.6,27.3
22:10:42,ROBOGUIDE,43.5,542.54,20.6,0.0,33.8,0.0,29.4,0.0,53.6,0.0,4.5,4.5,38.0,17.6
22:10:43,ROBOGUIDE,46.2,542.61,39.7,0.0,26.1,0.0,19.4,1.5,35.3,0.0,6.0,1.5,36.8,19.4
22:10:44,ROBOGUIDE,57.1,542.61,41.8,0.0,45.6,0.0,45.5,4.5,25.4,3.0,25.8,16.4,55.1,43.3
22:10:45,ROBOGUIDE,35.6,542.61,40.3,0.0,64.2,0.0,47.1,5.9,26.9,4.4,19.1,23.9,41.2,47.9
22:10:46,ROBOGUIDE,45.1,542.49,40.3,0.0,62.1,0.0,37.9,0.0,36.4,0.0,26.9,21.2,42.4,55.2
22:10:47,ROBOGUIDE,61.9,542.49,30.4,0.0,43.3,0.0,40.3,1.5,53.7,0.0,34.3,35.3,60.3,52.9
22:10:48,ROBOGUIDE,51.3,542.03,59.1,0.0,51.5,0.0,27.3,1.5,32.4,4.5,12.1,19.7,39.4,53.6
22:10:49,ROBOGUIDE,42.3,542.06,46.4,0.0,27.3,0.0,24.2,3.0,21.2,0.0,3.0,6.0,35.8,21.2
22:10:50,ROBOGUIDE,52.9,542.19,41.2,0.0,33.3,0.0,29.9,0.0,28.8,0.0,6.0,3.0,33.3,43.9
22:10:51,ROBOGUIDE,42.3,542.19,27.3,0.0,31.3,0.0,51.5,1.5,10.6,0.0,9.0,4.5,38.8,29.9
22:10:52,ROBOGUIDE,50.6,542.19,35.3,0.0,52.1,0.0,44.3,0.0,26.1,0.0,18.8,14.1,55.7,34.3
22:10:53,ROBOGUIDE,43.1,542.19,37.1,0.0,37.1,0.0,37.1,0.0,26.1,0.0,11.8,4.5,28.4,29.4
22:10:54,ROBOGUIDE,46.8,542.19,20.9,0.0,47.0,0.0,18.2,0.0,40.9,0.0,4.5,0.0,31.8,12.1
22:10:56,ROBOGUIDE,39.0,542.07,17.9,0.0,27.5,0.0,26.9,0.0,32.4,0.0,4.5,3.0,27.5,19.4
22:10:57,ROBOGUIDE,37.5,542.1,28.8,0.0,29.0,0.0,39.4,0.0,32.8,0.0,9.1,6.0,26.9,19.7
22:10:58,ROBOGUIDE,42.0,544.16,22.9,0.0,36.2,0.0,20.9,0.0,48.5,0.0,4.5,0.0,34.8,20.9
22:10:59,ROBOGUIDE,43.8,546.23,20.9,0.0,78.3,0.0,10.6,0.0,13.6,0.0,4.5,6.1,38.2,22.4
22:11:00,ROBOGUIDE,56.5,546.23,30.4,0.0,39.4,0.0,44.1,0.0,29.9,0.0,12.9,8.7,43.7,30.4
22:11:01,ROBOGUIDE,58.2,546.36,24.6,0.0,40.3,5.9,38.8,3.0,25.0,0.0,17.4,6.0,26.9,26.5
22:11:02,ROBOGUIDE,48.4,546.23,39.7,0.0,0.0,16.4,30.3,0.0,37.9,0.0,36.8,41.7,14.7,90.1
22:11:03,ROBOGUIDE,42.0,546.23,29.9,0.0,0.0,26.9,56.7,0.0,21.2,1.5,23.2,16.2,14.9,57.1
22:11:04,ROBOGUIDE,46.6,546.24,10.4,0.0,0.0,32.4,47.8,0.0,39.7,0.0,9.0,0.0,0.0,14.9
22:11:05,ROBOGUIDE,50.2,546.12,26.2,1.5,0.0,48.5,43.3,0.0,30.3,0.0,10.6,4.6,1.5,28.6
22:11:06,ROBOGUIDE,52.7,546.12,14.7,0.0,0.0,47.8,26.9,0.0,47.0,2.9,38.8,19.1,6.0,60.9
22:11:07,ROBOGUIDE,42.3,546.12,16.7,0.0,0.0,38.8,27.3,0.0,27.3,0.0,3.0,0.0,0.0,19.4
22:11:08,ROBOGUIDE,46.7,546.12,22.4,0.0,0.0,36.8,37.7,0.0,31.3,0.0,4.5,0.0,0.0,17.9
22:11:09,ROBOGUIDE,36.1,546.12,22.4,0.0,0.0,42.0,25.4,0.0,38.8,0.0,0.0,0.0,1.5,32.4
22:11:10,ROBOGUIDE,31.5,546.25,16.2,0.0,0.0,38.8,32.4,0.0,52.2,0.0,1.5,0.0,0.0,19.1
22:11:11,ROBOGUIDE,39.2,546.25,35.8,0.0,0.0,39.4,34.3,0.0,35.8,0.0,25.0,10.4,4.5,50.7
22:11:12,ROBOGUIDE,44.0,546.31,22.1,0.0,0.0,51.5,31.3,0.0,34.3,0.0,13.6,10.4,1.5,29.4
22:11:13,ROBOGUIDE,47.0,546.31,18.2,0.0,0.0,40.3,40.9,0.0,25.8,0.0,14.9,6.1,1.5,18.2
22:11:14,ROBOGUIDE,40.7,546.06,26.9,0.0,0.0,45.5,20.6,0.0,45.5,0.0,10.4,4.5,4.5,36.4
22:11:15,ROBOGUIDE,39.1,546.19,11.9,0.0,0.0,46.4,25.0,0.0,40.3,0.0,0.0,1.5,0.0,20.9
22:11:16,ROBOGUIDE,51.2,546.2,17.9,0.0,0.0,50.0,30.3,0.0,26.9,0.0,3.0,1.5,1.5,30.3
22:11:17,ROBOGUIDE,37.5,546.2,14.9,0.0,0.0,35.8,44.1,0.0,31.3,0.0,2.9,4.5,1.5,13.2
22:11:18,ROBOGUIDE,40.5,546.2,14.9,0.0,0.0,29.0,38.8,0.0,52.9,0.0,6.0,0.0,0.0,26.1
22:11:19,ROBOGUIDE,48.2,546.21,40.3,0.0,0.0,42.0,52.2,0.0,34.8,0.0,9.1,4.5,0.0,45.1
22:11:20,ROBOGUIDE,45.2,546.21,30.3,0.0,0.0,29.4,22.7,0.0,41.8,0.0,18.2,11.8,3.0,42.4
22:11:21,ROBOGUIDE,33.2,546.34,17.4,0.0,0.0,39.4,32.4,0.0,40.3,0.0,3.0,0.0,0.0,34.8
22:11:23,ROBOGUIDE,42.0,546.34,27.3,0.0,0.0,29.4,31.3,0.0,35.3,0.0,11.9,1.5,0.0,21.2
22:11:24,ROBOGUIDE,39.1,546.35,27.9,0.0,0.0,57.3,30.0,0.0,32.4,0.0,14.7,4.5,3.0,36.2
22:11:25,ROBOGUIDE,39.0,546.35,27.3,0.0,0.0,48.5,23.9,0.0,28.4,0.0,7.6,0.0,0.0,10.6
22:11:26,ROBOGUIDE,45.1,546.35,28.4,0.0,0.0,35.8,19.4,0.0,40.6,0.0,12.9,9.0,0.0,13.4
22:11:27,ROBOGUIDE,41.9,546.22,6.0,0.0,3.0,38.9,31.3,0.0,46.3,0.0,4.5,4.5,0.0,38.2
22:11:28,ROBOGUIDE,33.2,546.23,13.4,0.0,3.0,58.6,37.3,0.0,30.3,0.0,9.1,1.5,0.0,37.3
22:11:29,ROBOGUIDE,40.5,546.01,15.2,0.0,0.0,33.8,30.3,0.0,40.3,0.0,4.5,3.0,1.5,9.1
22:11:30,ROBOGUIDE,31.6,546.01,29.4,0.0,0.0,32.4,30.0,0.0,26.5,0.0,5.9,0.0,0.0,17.9
22:11:31,ROBOGUIDE,45.4,546.04,28.8,0.0,6.0,22.7,45.6,0.0,31.8,0.0,13.6,4.5,0.0,25.4
22:11:32,ROBOGUIDE,42.2,546.17,37.3,0.0,38.2,0.0,38.6,0.0,21.2,0.0,23.2,11.9,4.5,11.9
22:11:33,ROBOGUIDE,41.8,546.24,36.8,0.0,9.0,0.0,37.7,0.0,45.6,0.0,26.5,10.3,7.5,4.5
22:11:34,ROBOGUIDE,40.3,546.24,26.5,0.0,7.5,0.0,36.2,0.0,68.1,0.0,11.8,4.5,6.0,1.5
22:11:35,ROBOGUIDE,53.8,546.24,33.3,3.0,47.8,1.5,30.4,4.5,41.8,3.0,42.3,25.0,11.8,13.4
22:11:36,ROBOGUIDE,45.2,545.95,30.3,0.0,7.6,0.0,28.8,0.0,47.8,0.0,40.3,55.2,28.4,21.2
22:11:37,ROBOGUIDE,43.4,545.82,49.3,0.0,14.9,0.0,41.2,0.0,22.1,0.0,36.8,17.6,10.4,6.0
22:11:38,ROBOGUIDE,46.6,545.82,30.9,0.0,19.1,0.0,28.6,0.0,40.3,0.0,13.4,7.5,1.5,6.1
22:11:39,ROBOGUIDE,39.2,545.82,28.4,0.0,38.8,0.0,16.7,0.0,37.9,0.0,24.2,4.5,0.0,8.8
22:11:40,ROBOGUIDE,58.7,545.83,41.8,0.0,33.3,0.0,35.8,0.0,48.5,0.0,24.6,3.0,5.9,3.0
22:11:41,ROBOGUIDE,37.8,546.04,24.3,0.0,44.1,0.0,28.8,0.0,25.8,0.0,17.9,4.5,4.6,3.0
22:11:42,ROBOGUIDE,33.0,546.04,33.8,0.0,30.3,0.0,30.3,0.0,32.4,0.0,42.0,9.0,1.5,4.5
22:11:43,ROBOGUIDE,31.6,546.04,34.8,0.0,13.4,3.0,11.9,0.0,46.3,0.0,11.6,16.4,11.9,4.5
22:11:44,ROBOGUIDE,37.2,546.04,33.8,0.0,23.5,0.0,29.4,0.0,39.7,0.0,10.4,8.7,3.0,4.4
22:11:45,ROBOGUIDE,32.8,545.92,32.4,0.0,34.3,0.0,29.9,0.0,17.9,0.0,11.9,4.5,0.0,4.5
22:11:46,ROBOGUIDE,49.4,545.92,34.8,0.0,22.4,0.0,40.3,0.0,41.2,0.0,17.6,4.5,0.0,6.0
22:11:47,ROBOGUIDE,46.7,550.04,42.6,3.0,33.3,0.0,43.3,0.0,32.8,0.0,13.4,9.1,4.5,3.0
22:11:49,ROBOGUIDE,51.0,549.97,32.4,0.0,23.5,0.0,33.8,0.0,57.4,0.0,11.9,6.0,3.0,0.0
22:11:50,ROBOGUIDE,40.9,549.98,31.4,0.0,24.2,0.0,27.1,0.0,43.3,0.0,23.5,6.1,6.0,7.6
22:11:51,ROBOGUIDE,49.9,549.98,42.4,0.0,16.7,0.0,37.3,0.0,29.4,0.0,22.7,14.9,9.1,16.7
22:11:52,ROBOGUIDE,42.3,549.98,47.1,0.0,27.3,0.0,37.9,0.0,19.4,1.5,54.3,26.5,13.6,13.4
22:11:53,ROBOGUIDE,33.2,550.0,35.8,0.0,20.9,0.0,41.8,0.0,16.4,0.0,9.0,6.0,0.0,3.0
22:11:54,ROBOGUIDE,39.7,549.81,29.9,0.0,24.6,0.0,20.0,0.0,43.1,0.0,15.2,12.3,7.5,3.0
22:11:55,ROBOGUIDE,43.9,549.81,28.4,0.0,31.3,0.0,36.4,0.0,33.8,0.0,18.2,12.1,7.4,9.0
22:11:56,ROBOGUIDE,46.0,549.81,49.3,1.5,30.9,0.0,22.9,0.0,24.6,0.0,26.1,14.3,8.8,4.3
22:11:57,ROBOGUIDE,39.0,549.82,38.6,0.0,23.9,0.0,40.6,0.0,55.2,0.0,38.4,18.8,8.8,4.5
22:11:58,ROBOGUIDE,44.0,549.82,32.8,0.0,20.0,0.0,24.2,0.0,33.8,0.0,28.8,13.6,10.4,15.4
22:11:59,ROBOGUIDE,48.2,549.95,37.7,0.0,23.2,0.0,36.8,0.0,36.8,0.0,37.1,19.7,9.0,11.9
22:12:00,ROBOGUIDE,40.8,549.95,66.7,0.0,13.6,0.0,39.4,0.0,29.0,0.0,23.5,7.5,4.5,7.5
22:12:01,ROBOGUIDE,43.2,549.95,55.7,0.0,13.4,0.0,22.1,7.5,46.3,0.0,20.9,14.5,14.5,13.0
22:12:02,ROBOGUIDE,46.3,549.95,48.5,0.0,40.3,0.0,0.0,34.8,34.3,0.0,0.0,14.9,3.0,4.5
22:12:03,ROBOGUIDE,43.3,549.95,38.8,0.0,25.0,0.0,0.0,41.2,33.8,0.0,6.0,33.8,11.6,9.0
22:12:04,ROBOGUIDE,42.3,549.83,41.8,0.0,31.8,0.0,0.0,40.9,35.3,0.0,1.5,11.9,6.1,4.5
22:12:05,ROBOGUIDE,46.7,549.83,26.9,0.0,13.4,0.0,0.0,26.5,55.2,0.0,0.0,24.3,7.6,7.5
22:12:06,ROBOGUIDE,24.2,549.83,22.4,0.0,28.8,0.0,0.0,28.8,26.5,0.0,0.0,13.4,7.4,9.1
22:12:07,ROBOGUIDE,42.2,549.83,30.4,0.0,43.9,0.0,0.0,30.3,20.9,0.0,6.0,44.1,17.9,10.4
22:12:08,ROBOGUIDE,52.8,549.96,42.4,0.0,20.9,0.0,3.0,34.8,29.0,0.0,3.0,35.7,13.2,16.7
22:12:09,ROBOGUIDE,54.9,549.96,24.2,0.0,35.4,0.0,0.0,30.8,33.8,0.0,1.5,33.3,13.8,16.4
22:12:10,ROBOGUIDE,33.9,549.96,29.0,0.0,17.4,0.0,0.0,58.6,27.5,0.0,4.3,35.2,22.5,11.8
22:12:11,ROBOGUIDE,64.9,549.59,50.0,0.0,40.9,0.0,0.0,56.7,46.3,0.0,3.0,55.6,23.9,10.6
22:12:12,ROBOGUIDE,37.3,549.96,35.7,0.0,46.3,0.0,0.0,39.7,39.4,0.0,7.4,33.3,14.3,17.4
22:12:13,ROBOGUIDE,52.4,549.85,50.0,0.0,26.5,0.0,0.0,34.3,35.3,0.0,7.4,51.4,29.4,16.4
22:12:14,ROBOGUIDE,51.2,549.85,43.1,0.0,33.3,0.0,0.0,46.4,32.8,0.0,0.0,17.6,4.5,7.5
22:12:16,ROBOGUIDE,52.8,549.91,40.8,2.9,25.4,2.9,2.9,36.8,49.3,2.9,2.9,33.8,10.3,9.0
22:12:17,ROBOGUIDE,36.0,549.91,32.4,0.0,26.5,0.0,0.0,32.4,32.8,0.0,0.0,14.5,7.5,3.0
22:12:18,ROBOGUIDE,43.6,550.04,38.8,0.0,32.4,0.0,0.0,32.8,36.4,0.0,1.5,17.6,9.0,6.0
22:12:19,ROBOGUIDE,37.9,550.04,29.4,0.0,10.6,0.0,0.0,36.4,50.7,0.0,4.5,29.0,16.7,13.2
22:12:20,ROBOGUIDE,42.2,550.04,41.2,0.0,21.2,0.0,0.0,41.8,29.9,0.0,0.0,13.6,4.5,4.5
22:12:21,ROBOGUIDE,46.5,550.04,28.4,0.0,9.0,0.0,0.0,50.0,26.9,0.0,0.0,23.5,6.0,1.5
22:12:22,ROBOGUIDE,28.4,549.95,26.1,0.0,34.3,2.9,1.5,29.0,40.3,1.5,4.4,19.4,11.9,13.2
22:12:23,ROBOGUIDE,49.4,549.95,63.6,0.0,20.6,0.0,0.0,28.6,48.5,0.0,1.5,27.9,9.0,7.6
22:12:24,ROBOGUIDE,49.2,549.96,41.4,0.0,36.2,0.0,0.0,27.9,48.5,0.0,0.0,36.2,13.4,11.6
22:12:25,ROBOGUIDE,43.6,549.96,31.8,0.0,28.8,1.5,0.0,51.5,40.9,0.0,0.0,13.6,7.5,3.0
22:12:26,ROBOGUIDE,31.4,549.96,53.6,0.0,22.1,0.0,0.0,23.9,36.8,0.0,0.0,13.2,9.0,3.0
22:12:27,ROBOGUIDE,46.8,550.09,27.9,0.0,23.9,0.0,0.0,44.8,25.4,0.0,0.0,25.4,14.7,13.4
22:12:28,ROBOGUIDE,43.6,550.16,43.5,1.5,23.9,1.5,0.0,20.6,27.3,0.0,6.1,31.8,24.2,9.0
22:12:29,ROBOGUIDE,40.7,550.16,50.0,0.0,9.1,0.0,0.0,16.4,30.9,0.0,0.0,23.5,9.1,14.9
22:12:30,ROBOGUIDE,40.2,550.16,30.0,2.9,26.5,0.0,0.0,50.0,20.3,0.0,0.0,8.8,7.4,10.3
22:12:31,ROBOGUIDE,41.4,550.16,46.4,0.0,35.8,0.0,22.1,23.6,35.3,0.0,1.5,4.5,10.4,7.5
22:12:32,ROBOGUIDE,34.3,550.04,52.2,0.0,35.8,0.0,19.4,0.0,22.4,0.0,1.5,1.5,14.5,6.0
22:12:33,ROBOGUIDE,34.7,550.04,20.6,0.0,62.7,0.0,20.3,0.0,22.4,0.0,4.5,4.5,26.8,19.1
22:12:34,ROBOGUIDE,43.7,552.11,36.2,0.0,31.3,0.0,21.2,0.0,37.9,0.0,6.1,0.0,32.9,21.2
22:12:35,ROBOGUIDE,55.5,553.95,42.9,0.0,50.7,0.0,23.9,0.0,57.4,1.5,19.1,8.8,46.4,26.5
22:12:36,ROBOGUIDE,34.5,553.95,23.5,0.0,50.7,0.0,7.6,0.0,22.7,0.0,4.5,4.5,24.2,17.9
22:12:37,ROBOGUIDE,43.7,554.07,39.1,0.0,36.8,0.0,16.4,0.0,22.4,0.0,1.5,0.0,13.4,13.4
22:12:38,ROBOGUIDE,37.3,554.07,23.5,0.0,42.0,0.0,19.1,0.0,47.8,0.0,0.0,0.0,10.3,7.5
22:12:39,ROBOGUIDE,30.0,554.08,23.2,0.0,36.8,0.0,30.3,0.0,27.3,0.0,0.0,0.0,13.4,13.4
22:12:41,ROBOGUIDE,35.7,554.08,25.0,0.0,41.8,0.0,1.5,0.0,66.2,0.0,1.5,1.5,35.7,13.4
22:12:42,ROBOGUIDE,30.4,553.95,24.6,0.0,74.2,0.0,9.1,0.0,20.0,0.0,1.5,1.5,7.7,12.1
22:12:43,ROBOGUIDE,38.9,553.95,35.8,0.0,23.5,0.0,29.9,0.0,23.9,0.0,6.0,10.1,20.9,14.7
22:12:44,ROBOGUIDE,47.2,553.96,39.4,0.0,19.7,0.0,24.2,0.0,22.7,0.0,3.0,3.0,22.7,20.6
22:12:45,ROBOGUIDE,33.2,553.96,40.3,0.0,33.3,0.0,9.1,0.0,33.3,0.0,1.5,0.0,10.4,10.6
22:12:46,ROBOGUIDE,43.3,553.96,31.9,0.0,49.3,0.0,17.6,0.0,20.9,0.0,3.0,0.0,37.1,17.9
22:12:47,ROBOGUIDE,42.0,553.99,50.0,0.0,31.3,0.0,17.9,0.0,53.7,0.0,1.5,0.0,28.6,23.9
22:12:48,ROBOGUIDE,28.5,553.99,23.2,0.0,23.9,0.0,22.1,0.0,53.7,0.0,0.0,0.0,6.0,16.4
22:12:49,ROBOGUIDE,42.1,554.0,34.3,0.0,31.9,0.0,4.5,0.0,49.3,0.0,1.5,3.0,19.1,20.9
22:12:50,ROBOGUIDE,49.7,554.0,44.1,0.0,47.1,0.0,34.8,0.0,45.6,0.0,30.9,14.7,64.5,41.8
22:12:51,ROBOGUIDE,55.3,554.0,35.7,0.0,31.3,0.0,22.7,0.0,43.9,0.0,32.8,25.7,71.0,70.0
22:12:52,ROBOGUIDE,61.4,553.88,38.2,0.0,32.8,0.0,37.3,0.0,32.4,0.0,4.5,4.5,47.1,19.7
22:12:53,ROBOGUIDE,31.3,553.88,28.4,0.0,19.4,0.0,11.9,0.0,52.9,0.0,0.0,0.0,22.4,16.2
22:12:54,ROBOGUIDE,42.2,553.89,22.4,0.0,49.3,0.0,26.5,0.0,22.4,0.0,3.0,1.5,16.4,26.9
22:12:55,ROBOGUIDE,49.7,553.89,30.4,0.0,48.5,0.0,21.2,0.0,23.9,0.0,0.0,0.0,12.1,13.6
22:12:56,ROBOGUIDE,30.0,554.01,28.4,0.0,39.7,0.0,20.9,0.0,27.3,0.0,3.0,3.0,20.3,11.8
22:12:57,ROBOGUIDE,31.5,554.02,50.7,0.0,60.3,0.0,25.4,0.0,39.1,0.0,3.0,6.0,33.8,20.9
22:12:58,ROBOGUIDE,39.7,554.04,33.8,0.0,54.4,0.0,19.7,0.0,31.8,0.0,0.0,1.5,13.4,4.5
